created,created_by_ref,description,external_references,first_seen,id,identity_class,indicator_types,is_family,kill_chain_phases,malware_types,modified,name,pattern,pattern_type,sectors,spec_version,type,valid_from,summary
2015-05-15T09:12:16.432Z,,"Poison Ivy is a remote access tool, first released in 2005 but unchanged since 2008. It includes features common to most Windows-based RATs, including key logging, screen capturing, video capturing, file transfers, system administration, password theft, and traffic relaying.",,,malware--591f0cb7-d66f-4e14-a8e6-5927b597f920,,,True,,"[""remote-access-trojan""]",2015-05-15T09:12:16.432Z,Poison Ivy,,,,2.1,malware,,"The object contains information about a type of malware known as Poison Ivy, which is classified as a remote access tool. It was first released in 2005 but has remained unchanged since 2008. The malware includes features common to most Windows-based RATs, such as key logging, screen capturing, video capturing, file transfers, system administration, password theft, and traffic relaying.

The specific details of Poison Ivy's capabilities include remote access functionality, allowing an attacker to gain control over a compromised device remotely. It also has the ability to capture and record sensitive information, including keystrokes, screen content, and network activity.

In terms of its classification, Poison Ivy is identified as being from a specific family of malware. The object does not contain any additional details about this family or their related threats."
2015-05-15T09:12:16.432Z,,,,,identity--81cade27-7df8-4730-836b-62d880e6d9d3,organization,,,,,2015-05-15T09:12:16.432Z,"FireEye, Inc.",,,"[""technology""]",2.1,identity,,"The object contains detailed information about a cybersecurity identity, specifically an organization named FireEye, Inc., which was first identified on May 15th, 2015. The organization's sectors of interest are reported to be within the technology sector. There is no available data on the specific indicators, malware types, kill chain phases, or pattern associated with this organization, as these fields appear to be empty or not applicable."
2015-05-15T09:12:16.432Z,,"Active since 2008, this campaign mostly targets the financial services industry, though we have also seen activity in the telecom, government, and defense sectors.",,2008-01-07T00:00:00.000000Z,campaign--752c225d-d6f6-4456-9130-d9580fd4007b,,,,,,2015-05-15T09:12:16.432Z,admin@338,,,,2.1,campaign,,"The object contains a detailed description of a campaign, providing information about its purpose and scope. The campaign is described as active since 2008 and primarily targets the financial services industry, although it has also been observed to have activity in the telecom, government, and defense sectors.

Additionally, the object mentions that the campaign has seen some level of engagement or activity from various industries. Furthermore, it provides an indication of when the campaign was first detected, which dates back to January 7th, 2008.

The description also includes information about the type of campaign, specifying that it is classified under the category 'campaign'."
2015-05-15T09:12:16.432Z,,This ongoing campaign targets a number of industries but appears to prefer targets in higher education and the healthcare sectors.,,2009-10-26T00:00:00.000000Z,campaign--d02a1560-ff69-49f4-ac34-919b8aa4b91e,,,,,,2015-05-15T09:12:16.432Z,th3bug,,,,2.1,campaign,,"The object contains information about a cyber campaign titled 'th3bug'. This ongoing campaign appears to target multiple industries, but it has a particular preference for targeting higher education institutions. Additionally, the campaign is also focused on the healthcare sector. The campaign's description suggests that it may be engaged in various malicious activities.

No specific details are available regarding the creation of the campaign or its initial detection, as this information is not provided in the data. However, it is known that the campaign was first seen in 2009.

The object does not provide any detailed information about the malware types associated with 'th3bug', nor does it offer insights into the kill chain phases involved in the campaign's operations. It also fails to specify any particular indicators or patterns used by the campaign, which may be an important aspect of its malicious activities.

In terms of sector specificity, the object only mentions that the campaign targets higher education institutions and the healthcare sector, but it does not provide any further information about specific industries within these sectors.

Finally, no details are available regarding family relationships between the campaign and other similar campaigns or threats."
2015-05-15T09:12:16.432Z,,The threat actor behind menuPass prefers to target U.S. and foreign defense contractors.,,2009-12-14T00:00:00.000000Z,campaign--721976f9-56d7-4749-8c69-b3ac7c315f05,,,,,,2015-05-15T09:12:16.432Z,menuPass,,,,2.1,campaign,,"The object contains information about a threat actor named menuPass. The description provided indicates that menuPass prefers to target U.S. and foreign defense contractors, suggesting a malicious intent focused on this sector. Additionally, the text mentions that menuPass was first identified in 2009, highlighting a potential long-standing presence of this threat actor.

The object also contains information about various categories of data related to menuPass, including external references, kill chain phases, malware types, and pattern types. However, since the 'is_family' field is marked as nan (not applicable), it cannot be included in the summary.

Furthermore, the object provides details on different classes of identities, including sectors, but these are also marked as nan, indicating that they do not apply to this specific instance.

Lastly, the object includes a description pattern and spec version number."
2015-05-15T09:12:16.432Z,,"The preferred attack vector used by admin@338 is spear-phishing emails. Using content that is relevant to the target, these emails are designed to entice the target to open an attachment that contains the malicious PIVY server code.","[{""source_name"": ""capec"", ""description"": ""spear phishing"", ""external_id"": ""CAPEC-163""}]",,attack-pattern--19da6e1c-69a8-4c2f-886d-d620d09d3b5a,,,,"[{""kill_chain_name"": ""mandiant-attack-lifecycle-model"", ""phase_name"": ""initial-compromise""}]",,2015-05-15T09:12:16.432Z,Spear Phishing Attack Pattern used by admin@338,,,,2.1,attack-pattern,,"The object contains information about a specific attack pattern used by admin@338, which involves spear-phishing emails. These emails are designed to entice targets to open attachments that contain malicious PIVY server code. The content of the emails is relevant to the target, making them more convincing and increasing the likelihood of success.

The external reference provided indicates that this attack pattern matches the description ""spear phishing"" as outlined in the CAPEC (Common Attack Pattern Enumeration and Classification) framework. This suggests that the attack pattern has been analyzed and categorized by a reputable source.

Unfortunately, there is no information available about the kill chain phases associated with this attack pattern. The initial-compromise phase indicates that the attack begins with gaining unauthorized access to a system or network.

The object does not provide any specific details about malware types used in conjunction with this attack pattern. However, it does note that the attack pattern has been modified on the specified date and time.

Despite the lack of information, the description of the attack pattern provides valuable insight into the tactics, techniques, and procedures (TTPs) used by attackers to execute a spear-phishing campaign. This knowledge can be used to enhance security measures and prevent similar attacks in the future."
2015-05-15T09:12:16.432Z,,"Attacks attributed to th3bug use a strategic Web compromise to infect targets. This approach is more indiscriminate, which probably accounts for the more disparate range of targets.",,,attack-pattern--ea2c747d-4aa3-4573-8853-37b7159bc180,,,,"[{""kill_chain_name"": ""mandiant-attack-lifecycle-model"", ""phase_name"": ""initial-compromise""}]",,2015-05-15T09:12:16.432Z,Strategic Web Compromise Attack Pattern used by th3bug,,,,2.1,attack-pattern,,"The object contains information about an attack pattern attributed to the threat actor th3bug. This attack pattern is characterized by a strategic Web compromise approach, which involves infecting targets using a more indiscriminate method. The disparate range of targeted systems likely contributes to this broader scope of impact.

According to the provided details, the attack pattern primarily uses malware and exploits web vulnerabilities to achieve its objectives. However, no specific indicators or types of malware are mentioned in the data, limiting further insight into the nature and mechanisms employed by th3bug.

The attack pattern does not appear to be associated with a particular family of threats, as there is no mention of an 'is_family' attribute. Nonetheless, some details about the kill chain phases involved are revealed; specifically, it is indicated that the initial phase of the attack lifecycle model was exploited to gain initial compromise over the target system.

It is worth noting that information regarding sectors affected by this attack pattern and pattern type classification is currently missing from the data provided, suggesting a gap in understanding the specific context or relevance of th3bug's actions within particular industries or security frameworks."
2015-05-15T09:12:16.432Z,,"menuPass appears to favor spear phishing to deliver payloads to the intended targets. While the attackers behind menuPass have used other RATs in their campaign, it appears that they use PIVY as their primary persistence mechanism.","[{""source_name"": ""capec"", ""description"": ""spear phishing"", ""external_id"": ""CAPEC-163""}]",,attack-pattern--fb6aa549-c94a-4e45-b4fd-7e32602dad85,,,,"[{""kill_chain_name"": ""mandiant-attack-lifecycle-model"", ""phase_name"": ""initial-compromise""}]",,2015-05-15T09:12:16.432Z,Spear Phishing Attack Pattern used by menuPass,,,,2.1,attack-pattern,,"The object contains information about a spear phishing attack pattern used by the menuPass attackers. It appears that menuPass favors spear phishing to deliver payloads to its intended targets, indicating that this tactic is their primary method of delivering malicious content. While other types of malware have been utilized in their campaign, PIVY seems to be their primary persistence mechanism."
2015-05-15T09:12:16.432Z,identity--81cade27-7df8-4730-836b-62d880e6d9d3,Calamine is a set of free tools to help organizations detect and examine Poison Ivy infections on their systems. The package includes these components: PIVY callback-decoding tool (ChopShop Module) and PIVY memory-decoding tool (PIVY PyCommand Script).,"[{""source_name"": ""Calamine ChopShop Module"", ""description"": ""The FireEye Poison Ivy decoder checks the beginning of each TCP session for possible PIVY challengeresponse sequences. If found, the module will try to validate the response using one or more passwords supplied as arguments."", ""url"": ""https://github.com/fireeye/chopshop""}, {""source_name"": ""Calamine PyCommand Script"", ""description"": ""Helps locate the PIVY password."", ""url"": ""https://github.com/fireeye/pycommands""}]",,course-of-action--70b3d5f6-374b-4488-8688-729b6eedac5b,,,,,,2015-05-15T09:12:16.432Z,Analyze with FireEye Calamine Toolset,,,,2.1,course-of-action,,"The object contains information about a set of free tools to help organizations detect and examine Poison Ivy infections on their systems. This package includes two components: the PIVY callback-decoding tool, also known as the ChopShop Module, and the PIVY memory-decoding tool, which is represented by the PyCommand Script.

The FireEye Poison Ivy decoder in the ChopShop Module checks the beginning of each TCP session for possible PIVY challenge-response sequences. If such sequences are found, the module will try to validate them using one or more passwords supplied as arguments. On the other hand, the PyCommand Script helps locate the PIVY password.

These tools were originally developed by FireEye and have been made available through a GitHub repository. The Calamine toolset is designed to assist organizations in detecting and examining Poison Ivy infections on their systems."
2015-05-15T09:12:16.432Z,,"The key@123 sample (password for admin@338), 808e21d6efa2884811fbd0adf67fda78, connects directly to 219.76.208.163",,,malware--61a62a6a-9a18-4758-8e52-622431c4b8ae,,,True,,"[""remote-access-trojan""]",2015-05-15T09:12:16.432Z,PIVY Variant (808e21d6efa2884811fbd0adf67fda78),,,,2.1,malware,,"The object contains information about a malware sample, specifically the PIVY Variant with the identifier 808e21d6efa2884811fbd0adf67fda78. This malware sample is classified as a remote-access Trojan and connects directly to the IP address 219.76.208.163. The description of the sample includes details about its password, which corresponds to the admin account with the username 'password' for the account with ID '338'. 

There are no external references associated with this malware sample. Additionally, it is not clear if the sample has been seen before or has a specific identity class assigned to it. The kill chain phases and sectors associated with this malware are unknown as they have been marked as nan, indicating that their values cannot be determined.

The sample falls under the category of remote-access Trojans and has a spec version of 2.1, which is an older standard for malware detection."
2015-05-15T09:12:16.432Z,,"Two CnC domain names from the admin@338 sample 8010cae3e8431bb11ed6dc9acabb93b7, connect to www.webserver.dynssl.com and www.webserver.freetcp.com and resolve to 219.76.208.163. It also connects to the CnC domain www.webserver.fartit.com.",,,malware--30ea087f-7d2b-496b-9ed1-5f000c8b7695,,,True,,"[""remote-access-trojan""]",2015-05-15T09:12:16.432Z,"PIVY Variant (8010cae3e8431bb11ed6dc9acabb93b7,)",,,,2.1,malware,,"The object contains information about a malware entity, specifically identifying it as a variant of PIVY, which is categorized under remote-access trojans. The malware connects to multiple domains, including www.webserver.dynssl.com and www.webserver.freetcp.com, both resolving to the IP address 219.76.208.163. Additionally, it establishes connections with the domain www.webserver.fartit.com. This malware is marked as a member of the PIVY family, indicating that it shares similarities or characteristics with other variants within this family."
2015-05-15T09:12:16.432Z,,"The gwx@123 sample 0323de551aa10ca6221368c4a73732e6 connects to the CnC domain names microsofta.byinter.net, microsoftb.byinter.net, microsoftc.byinter. net, and microsofte.byinter.net.",,,malware--4de25c38-5826-4ee7-b84d-878064de87ad,,,True,,"[""remote-access-trojan""]",2015-05-15T09:12:16.432Z,"PIVY Variant (0323de551aa10ca6221368c4a73732e6,)",,,,2.1,malware,,"The object contains a detailed description of a malware sample, specifically a remote-access trojan (RAT) known as PIVY Variant. The sample was first seen connecting to multiple CnC domain names, including microsofta.byinter.net, microsoftb.byinter.net, microsoftc.byinter.net, and microsofte.byinter.net. This indicates that the malware is likely being used for malicious purposes, such as data exfiltration or command and control (C2) activities.

The malware sample belongs to a specific variant, identified by the hash value 0323de551aa10ca6221368c4a73732e6. The description of the variant provides insight into its characteristics and behavior. However, due to missing information in some fields, further details about the malware's indicators, such as external references, first seen timestamp, or kill chain phases, are not available.

The malware is classified as a family member based on certain criteria, but specific details about its classification are unclear. Additionally, the description of the malware mentions that it belongs to one specific type, remote-access trojan, without providing further information on its variants or related malware families.

Overall, the object provides a comprehensive overview of a malicious PIVY Variant RAT, highlighting its connections to CnC domains and its potential for malicious activities."
2015-05-15T09:12:16.432Z,,The sample 8002debc47e04d534b45f7bb7dfcab4d connected to kr.iphone.qpoe.com with the PIVY password admin.,,,malware--dc669921-4a1a-470d-bfae-694e740ce181,,,True,,"[""remote-access-trojan""]",2015-05-15T09:12:16.432Z,PIVY Variant (8002debc47e04d534b45f7bb7dfcab4d),,,,2.1,malware,,"The object contains information about a specific malware sample, which is identified by the type ""malware"". The malware sample belongs to the PIVY family and has been classified as a remote-access Trojan. It was first connected to the kr.iphone.qpoe.com system with the PIVY password admin, indicating that it is part of this malicious family.

The malware sample is characterized by its specific ID, but no details are available on who created or modified it, as these fields are marked as ""nan"" (not applicable). Additionally, there is no information provided about the indicators used to detect or analyze the malware, as well as any patterns associated with it. 

In terms of classification and categorization, the malware sample falls under the identity_class field, but no specific details are available. Furthermore, there are no references to other external sources that may be relevant to this malware sample.

The object does not contain information about kill_chain_phases, sectors, or spec_version. The valid_from date is also marked as ""nan"", suggesting that there is limited context or insight into when this particular malware sample was first identified."
2015-05-15T09:12:16.432Z,,The sample 55a3b2656ceac2ba6257b6e39f4a5b5a connected to ct.toh.info domain with the PIVY password th3bug.,,,malware--f86febd3-609b-4d2e-9fec-aa805cb498bf,,,False,,"[""remote-access-trojan""]",2015-05-15T09:12:16.432Z,PIVY Variant (55a3b2656ceac2ba6257b6e39f4a5b5a),,,,2.1,malware,,"The object contains information about a specific type of malware, which is identified by the name ""PIVY Variant"". The malware's behavior is classified as remote-access trojan. This means that it allows attackers to remotely access and control infected devices.

A notable feature of this particular malware is its connection to the domain ct.toh.info using a password called ""th3bug"" for authentication purposes. 

The malware's characteristics are defined by several categories, including indicators types, kill chain phases, malware types, and sectors, but their values are currently unknown due to the data being missing or null."
2015-05-15T09:12:16.432Z,,This sample (b08694e14a9b966d8033b42b58ab727d) for menuPass connected to a control server at js001.3322.org with a password xiaoxiaohuli (Chinese translation: 'little little fox'),,,malware--80c260d9-a075-4148-9301-ebe4af27f449,,,True,,"[""remote-access-trojan""]",2015-05-15T09:12:16.432Z,PIVY Variant (b08694e14a9b966d8033b42b58ab727d),,,,2.1,malware,,"The object contains a description of a malware sample, specifically a remote-access Trojan (RAT) known as PIVY Variant. This malware was connected to a control server at js001.3322.org using a password that translates to 'little little fox' in Chinese. The malware was first discovered and linked to the provided pattern ID 'b08694e14a9b966d8033b42b58ab727d'."
2015-05-15T09:12:16.432Z,,The sample d8c00fed6625e5f8d0b8188a5caac115 connected to apple.cmdnetview.com with the password XGstone.,,,malware--3ed0364f-62c8-4ebc-b136-deaf6966880b,,,True,,"[""remote-access-trojan""]",2015-05-15T09:12:16.432Z,PIVY Variant (d8c00fed6625e5f8d0b8188a5caac115),,,,2.1,malware,,"The object contains information about a malware sample identified by the name ""PIVY Variant (d8c00fed6625e5f8d0b8188a5caac115)"". The malware is classified as a remote-access trojan and has been categorized under this family. Additionally, it was discovered that the malware was connected to apple.cmdnetview.com with a password of ""XGstone"".

The sample also contains information about its connection to an external system, but no details are available in this dataset. Furthermore, there is no specific pattern or type associated with this malware.

It's worth noting that there are some fields in the object that contain missing data, such as 'created_by_ref', 'external_references', 'first_seen', 'identity_class', 'indicator_types', 'kill_chain_phases', 'pattern', 'pattern_type', 'sectors', and 'valid_from'. These fields do not provide any additional information about the malware sample."
2015-05-15T09:12:16.432Z,,The sample b1deff736b6d12b8d98b485e20d318ea connected to autuo.xicp.net with the password keaidestone.,,,malware--17099f03-5ec8-456d-a2de-968aebaafc78,,,True,,"[""remote-access-trojan""]",2015-05-15T09:12:16.432Z,PIVY Variant (b1deff736b6d12b8d98b485e20d318ea),,,,2.1,malware,,"The object contains information about a malware sample, specifically the PIVY Variant, which was identified on 2015-05-15. The malware is characterized by its remote-access capabilities, indicating that it functions as a Trojan horse designed to grant unauthorized access to connected systems.

The malware is associated with the password ""keaidestone"" and was discovered while scanning the network segment ""autuo.xicp.net"". This suggests that the malware has been used in a targeted attack scenario. The malware's classification as belonging to a specific family is currently unclear due to missing data.

Several characteristics of the malware are known, including its indication as a remote-access Trojan (RAT) and its associated threat level. However, additional information about its behavior, command and control communication patterns, or indicators of compromise (IOCs) is not available due to the lack of certain fields in the provided metadata.

The object provides some context regarding the malware's pattern, but this field appears to be missing from the data. As a result, specific details about the malware's payload, functionality, or other relevant attributes remain unknown."
2015-05-15T09:12:16.432Z,,The sample 08709f35581e0958d1ca4e50b7d86dba has a compile time of July 20. 2012 and connected to tw.2012yearleft.com with the password keaidestone. This sample also used the CBricksDoc launcher.,,,malware--e14b6476-40b5-4b0b-bde7-0e856ab00b6c,,,True,,"[""remote-access-trojan""]",2015-05-15T09:12:16.432Z,PIVY Variant (08709f35581e0958d1ca4e50b7d86dba),,,,2.1,malware,,"The object contains a detailed description of a malware sample, which was created on May 15, 2015. The sample is identified as the PIVY Variant, specifically referred to by its unique identifier ""08709f35581e0958d1ca4e50b7d86dba"". This particular sample is categorized as a remote-access Trojan and has been associated with a specific family of malware.

The sample was connected to tw.2012yearleft.com using the password keaidestone, and it utilized the CBricksDoc launcher for its operation. Additionally, this sample was also linked to an external reference.

The object provides information on the first time the sample was seen and its associated indicators, but these details are currently not available. Furthermore, the object contains no specific pattern type or sector classification."
2015-05-15T09:12:16.432Z,,The sample e84853c0484b02b7518dd6837 87d04fc connected to dedydns.ns01.us with the password smallfish and used the CBricksDoc launcher.,,,malware--feaf146d-ea67-4eb1-946a-6f352ff79a81,,,True,,"[""remote-access-trojan""]",2015-05-15T09:12:16.432Z,PIVY Variant (e84853c0484b02b7518dd683787d04f),,,,2.1,malware,,"The object contains detailed information about a malware sample, including its description, characteristics, and classification. The malware is referred to as PIVY Variant (e84853c0484b02b7518dd683787d04f) and was detected by the CBricksDoc launcher after being connected to the dedydns.ns01.us domain with a password of smallfish. It falls under the category of remote-access trojans.

Additionally, the malware has been identified as part of a specific family (indicated as True), but more information is required to determine its exact classification and affiliation. The object also mentions that this particular sample was created on May 15, 2015.

In terms of indicators and patterns, there are no specified details provided in the metadata section of the object. However, it does contain information about the malware's types and characteristics, including the remote-access trojan category."
2015-05-15T09:12:16.432Z,,The sample cf8094c07c15aa394dddd4eca4aa8c8b connected to maofajapa.3322.org with the password happyyongzi.,,,malware--13791e02-6621-45fb-8c10-f6b72e1bf553,,,True,,"[""remote-access-trojan""]",2015-05-15T09:12:16.432Z,PIVY Variant (cf8094c07c15aa394dddd4eca4aa8c8b),,,,2.1,malware,,"The object contains information about a malware sample, specifically a remote-access Trojan, which is categorized under the PIVY Variant. The malware was connected to a domain named maofajapa.3322.org using a password called happyyongzi. It is identified as belonging to the family of malware and has been classified with the indicator type nan. The object also contains details about its name, description, and pattern, which include the PIVY Variant (cf8094c07c15aa394dddd4eca4aa8c8b) and a remote-access Trojan pattern."
2015-05-15T09:12:16.432Z,,The sample 410eeaa18dbec01a27c5b41753b3c7ed connected to send.have8000.com with the password of suzuki.,,,malware--703a15a7-eb85-475d-a27a-77d8fcf8f7b9,,,True,,"[""remote-access-trojan""]",2015-05-15T09:12:16.432Z,PIVY Variant (410eeaa18dbec01a27c5b41753b3c7ed ),,,,2.1,malware,,"The object contains a malware sample that was created on May 15, 2015, and is identified as a PIVY Variant. This particular variant connects to the send.have8000.com website using a password for authentication, which further indicates its malicious nature. The malware falls under the category of remote-access trojans, suggesting it can provide unauthorized access to infected systems remotely.

Additionally, there are no external references or indications associated with this malware sample, and it does not have any identity class or pattern information available. It is also noted that this malware has family ties, categorizing it as part of a larger group of similar threats.

It's worth noting that the object includes some metadata related to its creation and modification, including the version of the specification used (2.1)."
2015-05-15T09:12:16.432Z,,The sample b2dc98caa647e64a2a8105c298218462 connected to apple.cmdnetview.com with the password XGstone.,,,malware--fade08cb-fa57-485e-97f8-fab5a1bd4460,,,True,,"[""remote-access-trojan""]",2015-05-15T09:12:16.432Z,PIVY Variant (b2dc98caa647e64a2a8105c298218462),,,,2.1,malware,,"The object contains information about a malware sample, specifically a PIVY Variant. The malware sample was connected to apple.cmdnetview.com using the password XGstone, indicating that it is a remote-access Trojan.

The object also provides details about the type of malware, which is classified as a ""remote-access-trojan."" This classification suggests that the malware allows unauthorized access to a computer system remotely.

In addition to its malware type, the object contains information about its characteristics. Although not explicitly stated in the metadata, it can be inferred that this particular malware sample belongs to a specific family based on its identity class, which is reported as True."
2015-05-15T09:12:16.432Z,,"68fec995a13762184a2616bda86757f8 had a compile time of March 25, 2012 and connected to fbi.zyns.com with the password menuPass. This sample also used the CBricksDoc launcher.",,,malware--3050937d-6330-44c7-83ba-8821e1f7e7bd,,,True,,"[""remote-access-trojan""]",2015-05-15T09:12:16.432Z,PIVY Variant (68fec995a13762184a2616bda86757f8),,,,2.1,malware,,"The object contains a description of malware, specifically the PIVY Variant, which was discovered on May 15, 2015. The malware is identified by its internal reference '68fec995a13762184a2616bda86757f8'. It is classified as a remote-access Trojan (RAT) and is part of a specific family of malware."
2015-05-15T09:12:16.432Z,,"The sample 39a59411e7b12236c0b4351168fb47ce had a compile time of April 2, 2010 and connected to weile3322b.3322.org with the password keaidestone. This sample used a launcher of CPiShellPutDoc.",,,malware--9d995717-edc3-4bd8-8554-aecf773bdecc,,,True,,"[""remote-access-trojan""]",2015-05-15T09:12:16.432Z,PIVY Variant (39a59411e7b12236c0b4351168fb47ce),,,,2.1,malware,,"The object contains a detailed description of a malware sample, including its characteristics and behavior. The malware is identified as a PIVY Variant, specifically the variant denoted by '39a59411e7b12236c0b4351168fb47ce'. This particular variant was compiled on April 2, 2010, and it connected to weile3322b.3322.org using a password called keaidestone. It is worth noting that the malware used a launcher of CPiShellPutDoc.

The malware is classified as a remote-access Trojan, indicating that its primary function is to provide unauthorized access to a computer system remotely. There are no additional indicators or patterns associated with this malware.

In terms of classification, it has been determined that the PIVY Variant is part of a family of malware, and further analysis would be required to determine if it falls into a specific category or group within that family."
2015-05-15T09:12:16.432Z,,"The sample f5315fb4a654087d30c69c768d80f826 had a compile time of May 21, 2010 and connected to ngcc.8800.org with the password menuPass. This sample also used a launcher of CPiShellPutDoc.",,,malware--40e15fa5-df8d-4771-a682-21dab0a024fd,,,True,,"[""remote-access-trojan""]",2015-05-15T09:12:16.432Z,PIVY Variant (f5315fb4a654087d30c69c768d80f826),,,,2.1,malware,,"The object contains information about a specific malware sample, which is identified by the name 'PIVY Variant (f5315fb4a654087d30c69c768d80f826)'. This malware is categorized under the type 'malware' and falls under a particular family with the indication that it is indeed part of this family. The malware's behavior is related to remote access, specifically classified as a 'remote-access-trojan'.

The description provided offers additional context about the sample, stating that it was created in 2010, connected to a specific server named ngcc.8800.org with a password, and utilized a launcher called CPiShellPutDoc. This information suggests that the malware had a certain set of tools associated with it during its operation.

Furthermore, the object contains an indication about the family nature of this particular malware sample. It is stated to be from the same family as other samples mentioned in the data."
2015-05-15T09:12:16.432Z,,The sample e6ca06e9b000933567a8604300094a85 connected to the domain sh.chromeenter.com with the password happyyongzi.,,,malware--69101c2f-da92-47af-b402-7c60a39a982f,,,True,,"[""remote-access-trojan""]",2015-05-15T09:12:16.432Z,PIVY Variant (e6ca06e9b000933567a8604300094a85),,,,2.1,malware,,"The object contains information about a malware sample, specifically a remote-access Trojan (RAT). The malware is associated with the domain sh.chromeenter.com and has been connected to a password named happyyongzi. It belongs to a specific variant, referred to as PIVY Variant, which was identified by a unique identifier e6ca06e9b000933567a8604300094a85."
2015-05-15T09:12:16.432Z,,The sample 56cff0d0e0ce486aa0b9e4bc0bf2a141 was compiled on 2011-08-31 and connected to mf.ddns.info with the password menuPass.,,,malware--1601b8c2-5e6f-4a18-a413-10527e5d90b7,,,True,,"[""remote-access-trojan""]",2015-05-15T09:12:16.432Z,PIVY Variant (56cff0d0e0ce486aa0b9e4bc0bf2a141),,,,2.1,malware,,"The object contains information about a specific malware, which is identified by its name, PIVY Variant. The malware has been classified as a remote-access Trojan (RAT) based on the 'malware_types' field.

According to the 'description' field, the sample was compiled on August 31, 2011, and connected to mf.ddns.info with a password named menuPass. This information suggests that the sample may have been used for malicious purposes or was part of a larger malware campaign.

The 'first_seen', 'external_references', 'indicator_types', 'kill_chain_phases', and 'pattern' fields are not provided in this object, which means their values are unknown or not available. However, it is known that the malware is family-related due to the presence of the 'is_family' field, set to True.

Additionally, the object mentions that it belongs to a specific sector, but the value for this field is not specified."
2015-05-15T09:12:16.432Z,,"The sample 60963553335fa5877bd5f9be9d8b23a6 was compiled on June 9, 2012 and connected to av.ddns.us with the password of admin",,,malware--626badcc-4257-4222-946c-6d6e889836ea,,,True,,"[""remote-access-trojan""]",2015-05-15T09:12:16.432Z,PIVY Variant (60963553335fa5877bd5f9be9d8b23a6 ),,,,2.1,malware,,"The object contains a detailed description of a malware sample, specifically identifying it as a PIVY Variant. The malware was compiled on June 9, 2012, and connected to av.ddns.us using the password admin. It is classified as a remote-access trojan, indicating that it allows unauthorized access to a system or network for malicious purposes.

Further details about the malware's characteristics are available, including its name, which is PIVY Variant (60963553335fa5877bd5f9be9d8b23a6). Additionally, there is information about the external references associated with this sample, but it appears that this data is not currently available.

It is worth noting that the malware's kill chain phases and pattern are not specified in this description. However, its sector classification and spec version are provided, giving insight into how the malware was categorized and analyzed by security systems.

Overall, this object provides a comprehensive overview of a specific PIVY Variant malware sample, including its characteristics, behavior, and associated information."
2015-05-15T09:12:16.432Z,,A number of menuPass and admin samples also shared the same CBricksDoc launcher including but not limited to 6d989302166ba1709d66f90066c2fd59.,,,malware--3b275ed1-9c2e-4443-b1dd-5cfb51eaef2e,,,True,,"[""remote-access-trojan""]",2015-05-15T09:12:16.432Z,PIVY Variant (6d989302166ba1709d66f90066c2fd59),,,,2.1,malware,,"The object contains information about a specific malware sample, which is identified by its unique name 'PIVY Variant (6d989302166ba1709d66f90066c2fd59)'. The malware is classified as a remote-access trojan. It is part of a larger group or family and shares common characteristics with other samples that use the CBricksDoc launcher, including but not limited to another sample referenced by its ID '6d989302166ba1709d66f90066c2fd59'. The malware does not have any known external references. Its description is quite general, suggesting that it may be a variant or a specific instance of a broader malware category."
2015-05-15T09:12:16.432Z,,A number of menuPass and admin samples also shared the same CBricksDoc launcher including but not limited to 4bc6cab128f623f34bb97194da21d7b6.,,,malware--f138b6e0-9a7d-4cd9-a904-08a7df2eabb1,,,True,,"[""remote-access-trojan""]",2015-05-15T09:12:16.432Z,PIVY Variant (4bc6cab128f623f34bb97194da21d7b6),,,,2.1,malware,,"The object contains details about a specific malware sample known as the PIVY Variant. The description of this malware indicates that it was included among other samples in a shared launcher, specifically mentioning another sample with the reference 4bc6cab128f623f34bb97194da21d7b6. This malware is classified as a remote-access Trojan.

The classification suggests that the malware belongs to a family and shares certain characteristics with its members. However, it does not provide any further information about the kill chain phases or sectors associated with this specific malware type.

In terms of indicators and patterns, this malware sample has been assigned a specific identifier and is categorized under the 'remote-access-trojan' type. The object also contains metadata fields related to external references, first seen timestamps, identity class, indicator types, pattern type, and spec version, but these are not relevant for understanding the nature of this malware sample.

Overall, the details available suggest that the PIVY Variant is a specific type of remote-access Trojan malware."
2015-05-15T09:12:16.432Z,,The sample 4e84b1448cf96fabe88c623b222057c4 connected to jj.mysecondarydns.com with the password menuPass,,,malware--302ac5b5-486c-4c99-8cad-4426aeaf47b6,,,True,,"[""remote-access-trojan""]",2015-05-15T09:12:16.432Z,PIVY Variant (4e84b1448cf96fabe88c623b222057c4),,,,2.1,malware,,"The object contains details about a specific malware entity. It was created on May 15, 2015, and identified by the name ""PIVY Variant (4e84b1448cf96fabe88c623b222057c4)"". The malware is classified as a remote-access Trojan, which means it allows unauthorized access to a computer system remotely.

The malware was connected to a domain named jj.mysecondarydns.com and had a password associated with it, namely ""menuPass"". This suggests that the malware was used for malicious purposes by exploiting a vulnerability in the system's authentication mechanism.

There is no information available on the creators of this malware or its family affiliation. However, it can be noted that this particular instance of PIVY malware has some unique characteristics, such as being connected to the mentioned domain and having a specific password.

Unfortunately, there are no indicators or patterns associated with this malware, making it difficult to detect or analyze further. No information is available on its kill chain phases, sectors, or spec version either. Overall, the object provides basic but essential information about a malicious software entity that should be treated with caution."
2015-05-15T09:12:16.432Z,,The sample 494e65cf21ad559fccf3dacdd69acc94 connected to mongoles.3322.org with the password fishplay. It also connects to CBricksDoc.,,,malware--e1c02dca-d3fe-48f1-bb4b-3cacd2bc3619,,,True,,"[""remote-access-trojan""]",2015-05-15T09:12:16.432Z,PIVY Variant (494e65cf21ad559fccf3dacdd69acc94),,,,2.1,malware,,"The object contains information about a malware sample identified by the description of its connection to various systems. The malware connects to mongoles.3322.org with the password fishplay, as well as CBricksDoc. Additionally, it is classified as part of the PIVY family and has been assigned the type ""PIVY Variant"".

The malware's characteristics include a specific identifier '494e65cf21ad559fccf3dacdd69acc94' and a classification under the category 'remote-access-trojan'. This suggests that the malware is designed to provide unauthorized remote access to a system or network.

It is worth noting that the object does not contain any further information about the specific behaviors or actions performed by this particular instance of PIVY Variant, beyond its connection to these systems and its classification."
2015-05-15T09:12:16.432Z,,The sample a5965b750997dbecec61358d41ac93c7 connected to 3q.wubangtu.info with the password menuPass. It also connects to CBricksDoc.,,,malware--a4f315bd-e159-4bfb-8439-0d5a8330fc70,,,True,,"[""remote-access-trojan""]",2015-05-15T09:12:16.432Z,PIVY Variant (a5965b750997dbecec61358d41ac93c7),,,,2.1,malware,,"The object contains a detailed description of malware, specifically a remote-access Trojan named PIVY Variant. The malware connects to two external systems, 3q.wubangtu.info using the password menuPass and CBricksDoc. Furthermore, it has been identified as part of the PIVY family.

Additionally, this particular instance of malware is confirmed to be a variant based on the provided connection details."
2015-05-15T09:12:16.432Z,,IP address for key@123 sample 808e21d6efa2884811fbd0adf67fda78,,,indicator--e8094b09-7df4-4b13-b207-1e27af3c4bde,,"[""malicious-activity"", ""attribution""]",,,,2015-05-15T09:12:16.432Z,IP address: 219.76.208.163,[ipv4-addr:value = '219.76.208.163'],stix,,2.1,indicator,2015-05-15T09:12:16.432678Z,"The object contains information about an indicator, specifically an IP address associated with malicious activity and attribution. The description of the indicator is 'IP address for key@123 sample 808e21d6efa2884811fbd0adf67fda78', indicating that it relates to a specific sample or identifier. The type of indicator is specified as 'indicator' and the pattern type is described as 'stix'. 

The pattern itself, which corresponds to an IP address value of '219.76.208.163', suggests that this IP address has been identified as being associated with malicious activity. This information falls under two categories: 'malicious-activity' and 'attribution'."
2015-05-15T09:12:16.432Z,,"www.webserver.dynssl.com resolved to 113.10.246.30, 219.90.112.203, 219.90.112.203, 75.126.95.138, 219.90.112.197, and 202.65.222.45, which overlap with the gwx@123 IP addresses.",,,indicator--329ae6e9-25bd-49e8-89d1-aae4ca52e4a7,,"[""malicious-activity"", ""attribution""]",,,,2015-05-15T09:12:16.432Z,www.webserver.dynssl.com,[domain-name:value = 'www.webserver.dynssl.com' OR ipv4-addr:value = '113.10.246.30' OR ipv4-addr:value = '219.90.112.203' OR ipv4-addr:value = '75.126.95.138' OR ipv4-addr:value = '219.90.112.197' OR ipv4-addr:value = '202.65.222.45'],stix,,2.1,indicator,2015-05-15T09:12:16.432678Z,"The object contains information about an indicator, specifically a type of malware or malicious activity, associated with the domain 'www.webserver.dynssl.com'. This domain has been linked to various IP addresses, including 113.10.246.30, 219.90.112.203, 75.126.95.138, and others, which have overlapping addresses with the gwx@123 IP addresses. The indicator categorizes this as a malicious-activity and attribution threat.

The pattern associated with this indicator is a STIX (Standardized Threat Intelligence Expression) pattern, which includes multiple conditions to match different types of data - domain names and IPv4 addresses. This pattern suggests that the indicator is interested in detecting and identifying any matching patterns across these different forms of data.

In terms of classification, there is no information provided on whether this is a family of indicators or not. Additionally, there is no information available regarding the kill chain phases associated with this indicator, or the specific types of malware it represents.

There are no valid references to external sources for further verification of this information."
2015-05-15T09:12:16.432Z,,"www.webserver.freetcp.com resolved to 113.10.246.30, 219.90.112.203, 202.65.220.64, 75.126.95.138, 219.90.112.197, and 202.65.222.45, which overlap with the gwx@123 IP addresses.",,,indicator--54e1e351-fec0-41a4-b62c-d7f86101e241,,"[""malicious-activity"", ""attribution""]",,,,2015-05-15T09:12:16.432Z,www.webserver.freetcp.com,[domain-name:value = 'www.webserver.freetcp.com' OR ipv4-addr:value = '113.10.246.30' OR ipv4-addr:value = '219.90.112.203' OR ipv4-addr:value = '202.65.220.64' OR ipv4-addr:value = '75.126.95.138' OR ipv4-addr:value = '219.90.112.197' OR ipv4-addr:value = '202.65.222.45'],stix,,2.1,indicator,2015-05-15T09:12:16.432678Z,"The object contains information about a specific indicator, which is described as a malicious activity related to attribution. The indicator type is specified as either ""malicious-activity"" or ""attribution"". It appears that the indicator is linked to a compromised website, identified by its domain name ""www.webserver.freetcp.com"". 

Furthermore, it seems that this website has resolved to multiple IP addresses, which include 113.10.246.30, 219.90.112.203, 202.65.220.64, 75.126.95.138, 219.90.112.197, and 202.65.222.45. These IP addresses are reported to overlap with the gwx@123 IP addresses.

Additionally, there is a pattern associated with this indicator, which is defined in a specific format known as STIX (Standardized Threat Indicators and Expositions in Language). The pattern includes several conditions, where certain domain names or IPv4 addresses match specific values. 

Overall, this information suggests that the compromised website was identified as part of an investigation into malicious activity related to attribution, with multiple IP addresses associated with it."
2015-05-15T09:12:16.432Z,,"www.webserver.fartit.com resolved to 113.10.246.30, 219.90.112.203, 202.65.220.64, and 75.126.95.138, which overlap with the gwx@123 IP addresses.",,,indicator--2e59f00b-0986-437e-9ebd-e0d61900d688,,"[""malicious-activity"", ""attribution""]",,,,2015-05-15T09:12:16.432Z,www.webserver.fartit.com,[domain-name:value = 'www.webserver.fartit.com' OR ipv4-addr:value = '113.10.246.30' OR ipv4-addr:value = '219.90.112.203' OR ipv4-addr:value = '202.65.220.64' OR ipv4-addr:value = '75.126.95.138'],stix,,2.1,indicator,2015-05-15T09:12:16.432678Z,"The object contains a description of an indicator, which is a type of threat intelligence information. The indicator is related to a web server, specifically www.webserver.fartit.com, and has been linked to multiple IP addresses that overlap with the gwx@123 IP addresses. These IP addresses are associated with malicious activities and attribution threats. 

The pattern associated with this indicator consists of four parts: it matches domains or IPv4 addresses against the value 'www.webserver.fartit.com' or specific IP addresses. The pattern type is specified as STIX, indicating that it conforms to the STIX (Standardized Extensible IT common Information eXchange) format.

Furthermore, the object indicates that the indicator has been categorized under two types of threats: malicious activity and attribution. The presence of both indicators suggests that this threat may be related to a sophisticated attack or campaign.

The information is organized according to the Indicators and Threats Interoperability Format (I2OF), with a specified version number, which indicates the level of compatibility with other systems or tools."
2015-05-15T09:12:16.432Z,,"The gwx@123 sample 0323de551aa10ca6221368c4a73732e6 connects to the CnC domain names microsofta.byinter.net, microsoftb.byinter.net, microsoftc.byinter.net, and microsofte.byinter.net. These domain names resolved to 113.10.246.30, 219.90.112.203, 202.65.220.64, 75.126.95.138, 219.90.112.197, 202.65.222.45, and 98.126.148.114.",,,indicator--8da68996-f175-4ae0-bd74-aad4913873b8,,"[""malicious-activity"", ""attribution""]",,,,2015-05-15T09:12:16.432Z,microsoft.byinter.net,[domain-name:value = 'microsofta.byinter.net' OR domain-name:value = 'microsoftb.byinter.net' OR domain-name:value = 'microsoftc.byinter.net' OR domain-name:value = 'microsofte.byinter.net' OR ipv4-addr:value = '113.10.246.30' OR ipv4-addr:value = '219.90.112.203' OR ipv4-addr:value = '202.65.220.64' OR ipv4-addr:value = '75.126.95.138' OR ipv4-addr:value = '219.90.112.197' OR ipv4-addr:value = '202.65.222.45' OR ipv4-addr:value = '98.126.148.114'],stix,,2.1,indicator,2015-05-15T09:12:16.432678Z,"The object contains information about a specific domain name, 'microsoft.byinter.net', which is associated with malicious activity. This indicator has been classified under two categories: 'malicious-activity' and 'attribution'. The domain names listed are 'microsofta.byinter.net', 'microsoftb.byinter.net', 'microsoftc.byinter.net', and 'microsofte.byinter.net', which resolve to multiple IP addresses, including 113.10.246.30, 219.90.112.203, 202.65.220.64, 75.126.95.138, 219.90.112.197, 202.65.222.45, and 98.126.148.114. These IP addresses are also included in the pattern as potential indicators of malicious activity."
2015-05-15T09:12:16.432Z,,"th3bug used domain name: nkr.iphone.qpoe.com. The domain nkr.iphone.qpoe.com resolved to 180.210.206.96 on January 12, 2012 and also 101.78.151.179 on December 23, 2011.",,,indicator--4e11b23f-732b-418e-b786-4dbf65459d50,,"[""malicious-activity"", ""attribution""]",,,,2015-05-15T09:12:16.432Z,nkr.iphone.qpoe.com,[domain-name:value = 'nkr.iphone.qpoe.com' OR ipv4-addr:value = '180.210.206.96' OR ipv4-addr:value = '101.78.151.179'],stix,,2.1,indicator,2015-05-15T09:12:16.432678Z,"The object contains a description of the indicator, which is a domain name associated with malicious activity and attribution. The domain name 'nkr.iphone.qpoe.com' has been observed to resolve to two different IP addresses, 180.210.206.96 on January 12, 2012, and 101.78.151.179 on December 23, 2011. This pattern is used to identify the domain name or the specific IP address as a malicious indicator.

The indicator type is classified as both 'malicious-activity' and 'attribution', indicating that it may be associated with activities that are harmful or disruptive. However, the exact classification and interpretation of this indicator are not further specified in the data provided.

The pattern itself is defined using the STIX format, which allows for the specification of patterns to identify malicious indicators. In this case, the pattern matches a domain name ('nkr.iphone.qpoe.com') or an IP address ('180.210.206.96' or '101.78.151.179').

The data does not provide any additional information about the family membership of the indicator or its specific sectors, which may be relevant for further analysis or classification."
2015-05-15T09:12:16.432Z,,"th3bug used domain name: e.ct.toh.info. The domain e.ct.toh.info resolved to 101.78.151.179 on June 12, 2012. The sample 55a3b2656ceac2ba6257b6e39f4a5b5a connected to ct.toh.info domain with the PIVY password th3bug.",,,indicator--b7fa7e73-e645-4813-9723-161bbd8dda62,,"[""malicious-activity"", ""attribution""]",,,,2015-05-15T09:12:16.432Z,e.ct.toh.info,[domain-name:value = 'e.ct.toh.info' OR ipv4-addr:value = '101.78.151.179'],stix,,2.1,indicator,2015-05-15T09:12:16.432678Z,"The object contains information about a malicious indicator, specifically a domain name that is associated with malicious activity and attribution. The domain in question is e.ct.toh.info, which was first seen connecting to the IP address 101.78.151.179 on June 12, 2012. This connection was made using the PIVY password th3bug. The indicator's type is classified as both ""malicious-activity"" and ""attribution""."
2015-05-15T09:12:16.432Z,,menuPass used control server: js001.3322.org. The sample (b08694e14a9b966d8033b42b58ab727d) connected to a control server at js001.3322.org with a password xiaoxiaohuli (Chinese translation: 'little little fox'),,,indicator--b2f09ce0-2db4-480f-bd2f-073ddb3a0c87,,"[""malicious-activity"", ""attribution""]",,,,2015-05-15T09:12:16.432Z,js001.3322.org,[domain-name:value = 'js001.3322.org' OR ipv4-addr:value = '101.78.151.179'],stix,,2.1,indicator,2015-05-15T09:12:16.432678Z,"The object contains information about an indicator, which is a specific type of threat intelligence data. The description states that the sample was connected to a control server at js001.3322.org using a password named 'little little fox', which is a Chinese translation. Additionally, the pattern indicates that this domain name or IP address (101.78.151.179) matches a certain value.

The indicator types associated with this object are ""malicious-activity"" and ""attribution"", suggesting that it may be related to malicious activities or attribution of attacks. The external references field is empty, indicating that no additional information about the indicator is available."
2015-05-15T09:12:16.432Z,,menuPass used domain: apple.cmdnetview.com. The sample d8c00fed6625e5f8d0b8188a5caac115 connected to apple.cmdnetview.com with the password XGstone. IP 60.10.1.120 hosted this domain.,,,indicator--9842a3b9-fc5b-44c4-bb48-578cf6f728d9,,"[""malicious-activity"", ""attribution""]",,,,2015-05-15T09:12:16.432Z,apple.cmdnetview.com,[domain-name:value = 'apple.cmdnetview.com' OR ipv4-addr:value = '60.10.1.120'],stix,,2.1,indicator,2015-05-15T09:12:16.432678Z,"The object contains information about a domain name, specifically ""apple.cmdnetview.com"", which was flagged as malicious activity and attributed to attribution. The sample associated with this domain was connected to it using the password ""XGstone"" from an IP address of 60.10.1.120. This connection occurred on May 15th, 2015. The pattern associated with this indicator is a Stix pattern that matches both domain names and IPv4 addresses against the value 'apple.cmdnetview.com' or 60.10.1.120, respectively."
2015-05-15T09:12:16.432Z,,menuPass used domain: autuo.xicp.net. The sample b1deff736b6d12b8d98b485e20d318ea connected to autuo.xicp.net with the password keaidestone. IP 60.10.1.115 hosted this domain.,,,indicator--4e4c4ad7-4909-456a-b6fa-e24a6f682a40,,"[""malicious-activity"", ""attribution""]",,,,2015-05-15T09:12:16.432Z,autuo.xicp.net,[domain-name:value = 'domain autuo.xicp.net' OR ipv4-addr:value = '60.10.1.115'],stix,,2.1,indicator,2015-05-15T09:12:16.432678Z,"The object contains a description of an indicator, which is a malicious domain that was identified by the system. The domain, autuo.xicp.net, was discovered to be used for malicious activity, specifically attribution, as indicated in the 'indicator_types' field. It was found to be connected to this domain using a password and an IP address of 60.10.1.115. The object also includes information about the pattern that led to its discovery, which is defined by the 'pattern' field in STIX format. This pattern matches both domain names (autuo.xicp.net) and IPv4 addresses (60.10.1.115)."
2015-05-15T09:12:16.432Z,,menuPass uses Microsoft Foundation Class Library class name CBricksDoc as a launcher for PIVY.,,,indicator--137acf67-cedc-4a07-8719-72759174de3a,,"[""malicious-activity"", ""attribution""]",,,,2015-05-15T09:12:16.432Z,CBricksDoc,[file:name = 'CBricksDoc'],stix,,2.1,indicator,2015-05-15T09:12:16.432678Z,"The object contains a description of an indicator, which is attributed to the Microsoft Foundation Class Library class name CBricksDoc being used as a launcher for PIVY. This information indicates that CBricksDoc is utilized in conjunction with another system or application.

Additionally, it is noted that the type of this indicator is ""indicator,"" further confirming its classification within the broader category of threat intelligence data.

The object also contains some relevant details about the nature of the threat, which includes a pattern indicating the file name 'CBricksDoc.' This suggests that CBricksDoc might be related to a malicious activity or attribution concern.

Furthermore, it is mentioned that this indicator belongs to two specific types: ""malicious-activity"" and ""attribution."" This distinction highlights the potential impact of this threat on system operations.

Lastly, the object mentions an external reference, but due to its absence in this dataset, it cannot be further explored or confirmed."
2015-05-15T09:12:16.432Z,,"08709f35581e0958d1ca4e50b7d86dba has a compile time of July 20. 2012 and connected to tw.2012yearleft.com with the password keaidestone. 2012yearleft.com was registered on February 13, 2012 by zhengyanbin8@gmail.com.",,,indicator--9695dc2f-d92a-4f2b-8b16-b0e21d7c631d,,"[""malicious-activity"", ""attribution""]",,,,2015-05-15T09:12:16.432Z,tw.2012yearleft.com,[domain-name:value = 'tw.2012yearleft.com' OR ipv4-addr:value = '60.10.1.114' OR ipv4-addr:value = '60.1.1.114'],stix,,2.1,indicator,2015-05-15T09:12:16.432678Z,"The object contains a description of a cybersecurity indicator that is related to a malicious domain, specifically 'tw.2012yearleft.com'. The domain was registered on February 13, 2012, by an individual using the email address zhengyanbin8@gmail.com. This domain has been identified as having a compile time in July 20, 2012, and is connected to another website with the same name. Additionally, it has been linked to an IP address of 60.10.1.114 and 60.1.1.114.

Furthermore, this indicator is categorized under two types of malicious activities: ""malicious-activity"" and ""attribution"". The pattern associated with this domain matches a specific domain name, IPv4 address, or IPv4 address value that indicates its connection to 'tw.2012yearleft.com'. This pattern utilizes the STIX (Standardized Extensible Markup Language for Information Exchange) format.

The object also includes information about other related indicators and characteristics such as sectors, kill chain phases, malware types, family, and identity class, but these details are not provided in this summary due to their omission from the original data."
2015-05-15T09:12:16.432Z,,The domain dedydns.ns01.us resolved to 60.10.1.121. The sample e84853c0484b02b7518dd6837 87d04fc connected to dedydns.ns01.us with the password smallfish and used the CBricksDoc launcher.,,,indicator--7fd865ed-93e9-481f-953b-82ab386190ae,,"[""malicious-activity"", ""attribution""]",,,,2015-05-15T09:12:16.432Z,dedydns.ns01.us,[domain-name:value = 'dedydns.ns01.us' OR ipv4-addr:value = '60.10.1.121'],stix,,2.1,indicator,2015-05-15T09:12:16.432678Z,"The object contains information about a malicious activity indicator related to the domain dedydns.ns01.us. The indicator was first connected to this domain using a password called smallfish, along with the CBricksDoc launcher, and it is classified as being of malicious activity and attribution types.

The specific details of the connection include the sample e84853c0484b02b7518dd6837 87d04fc, which used the dedydns.ns01.us domain to connect. The pattern associated with this indicator is a Stix pattern that matches either the domain-name ""dedydns.ns01.us"" or an IPv4 address value of ""60.10.1.121"".

This information suggests that the dedydns.ns01.us domain was resolved to the IP address 60.10.1.121, indicating that it may be a malicious activity indicator related to this specific domain and its connection to a particular malware sample.

The overall classification of this indicator as being of ""malicious-activity"" and ""attribution"" types suggests that it is intended to provide information about potential security threats or malicious activities associated with the dedydns.ns01.us domain."
2015-05-15T09:12:16.432Z,,The domain maofajapa.3322.org resolved to 60.10.1.121. The sample cf8094c07c15aa394dddd4eca4aa8c8b connected to maofajapa.3322.org with the password happyyongzi.,,,indicator--e5bc6507-d052-447f-93c7-db7ef32211da,,"[""malicious-activity"", ""attribution""]",,,,2015-05-15T09:12:16.432Z,maofajapa.3322.org,[domain-name:value = 'maofajapa.3322.org' OR ipv4-addr:value = '60.10.1.121'],stix,,2.1,indicator,2015-05-15T09:12:16.432678Z,"The object contains information about a malicious domain, maofajapa.3322.org, which was identified as a malicious activity and attribution indicator. The domain was resolved to the IP address 60.10.1.121, and a connection was made from a sample named cf8094c07c15aa394dddd4eca4aa8c8b using the password happyyongzi. This information is classified under the indicator type ""malicious-activity"" and ""attribution"". The pattern associated with this domain includes the domain name maofajapa.3322.org and an IPv4 address 60.10.1.121."
2015-05-15T09:12:16.432Z,,The sample 410eeaa18dbec01a27c5b41753b3c7ed connected to send.have8000.com with the password of suzuki. The domain have8000.com was registered on 2012-02-13 via the email zhengyanbin8@ gmail.com.,,,indicator--fead5c52-9533-405c-b822-a034092a1ba8,,"[""malicious-activity"", ""attribution""]",,,,2015-05-15T09:12:16.432Z,send.have8000.com,[domain-name:value = 'send.have8000.com'],stix,,2.1,indicator,2015-05-15T09:12:16.432678Z,"The object contains an indicator named send.have8000.com, which was created on May 15, 2015, and is associated with malicious activity and attribution. The domain name of this indicator is send.have8000.com, and it has a specific pattern that matches the domain name. This pattern is defined as [domain-name:value = 'send.have8000.com'] and falls under the category of STIX (Standards for Information and Analysis of Networks). The domain name itself was registered in 2012 via email address zhengyanbin8@gmail.com, indicating its connection to a specific individual or entity."
2015-05-15T09:12:16.432Z,,"The domain fbi.zyns.com resolved to 60.10.1.118 on August 21, 2012. 68fec995a13762184a2616bda86757f8 had a compile time of March 25, 2012 and connected to fbi.zyns.com with the password menuPass.",,,indicator--405ff732-2c35-4f46-9f78-2a632ce36e03,,"[""malicious-activity"", ""attribution""]",,,,2015-05-15T09:12:16.432Z,fbi.zyns.com,[domain-name:value = 'fbi.zyns.com' OR ipv4-addr:value = '60.10.1.118'],stix,,2.1,indicator,2015-05-15T09:12:16.432678Z,"The object contains a description of an indicator, specifically a domain name, which resolved to an IP address. The domain name, fbi.zyns.com, was seen in action on August 21, 2012, when it connected to the IP address 60.10.1.118 using the password menuPass. Additionally, the object lists two categories of threat indicators: malicious-activity and attribution."
2015-05-15T09:12:16.432Z,,"The sample 39a59411e7b12236c0b4351168fb47ce had a compile time of April 2, 2010 and connected to weile3322b.3322.org with the password keaidestone.",,,indicator--4d58096e-b5c9-47d8-af9a-1af5f4762d6b,,"[""malicious-activity"", ""attribution""]",,,,2015-05-15T09:12:16.432Z,weile3322b.3322.org,[domain-name:value = 'weile3322b.3322.org'],stix,,2.1,indicator,2015-05-15T09:12:16.432678Z,"The object contains information about an indicator, which is a type of threat intelligence data. The indicator's description explains that it refers to the sample 39a59411e7b12236c0b4351168fb47ce, which had a specific compile time and was connected to weile3322b.3322.org with a password for authentication. This information suggests that the indicator is related to a malicious activity or attribution threat.

The object also contains information about the type of indicator, which in this case is categorized as ""malicious-activity"" and ""attribution"". Additionally, the object provides details about pattern matching, specifically that it matches the domain name weile3322b.3322.org, indicating that this indicator is used to detect or identify malicious activity related to this specific domain.

The metadata fields do not provide any additional context beyond the timestamp values for when the data was created and modified. The object does not contain information about the creator of the indicator, its family affiliation, kill chain phases, malware types, or sectors."
2015-05-15T09:12:16.432Z,,"The sample f5315fb4a654087d30c69c768d80f826 had a compile time of May 21, 2010 and connected to ngcc.8800.org with the password menuPass",,,indicator--9c725598-a160-4e91-8b93-ed0956709892,,"[""malicious-activity"", ""attribution""]",,,,2015-05-15T09:12:16.432Z,ngcc.8800.org,[domain-name:value = 'ngcc.8800.org'],stix,,2.1,indicator,2015-05-15T09:12:16.432678Z,"The object contains a detailed description of an indicator, which is a type of threat intelligence information that describes a malicious actor or their activities. The name of the indicator is ngcc.8800.org, and it is classified as being associated with both malicious activity and attribution. This indicates that the entity is linked to a malicious actor who has been involved in some form of harmful behavior, either by carrying out an attack itself or by providing support for such actions.

The description also provides context about how this indicator was discovered, stating that it was created on May 21, 2010, and connected to a domain called ngcc.8800.org with the password menuPass. Furthermore, it is noted that the entity's first appearance was detected in 2015, but its creation date predates this by several years.

In terms of classification, the indicator falls under specific categories such as malware types, kill chain phases, and sectors, though these values are currently unknown due to being marked with ""nan"" (not a number) values. Nonetheless, they presumably provide further insight into the nature of ngcc.8800.org's involvement in malicious activities.

The pattern associated with this indicator is expressed using a specific notation style called STIX, where domain names are denoted by their full names followed by an equals sign and then the value to be matched. For instance, ""domain-name:value = 'ngcc.8800.org'"" indicates that ngcc.8800.org matches any domain name specified in this pattern.

Lastly, it's worth noting that there appears to be some confusion between related information due to missing or blank fields, like created_by_ref and identity_class."
2015-05-15T09:12:16.432Z,,The sample e6ca06e9b000933567a8604300094a85 connected to the domain sh.chromeenter.com with the password happyyongzi. The domain sh.chromeenter.com previously resolved to the IP 60.2.148.167.,,,indicator--2efe7c62-1b96-4568-81ee-c85b840bde39,,"[""malicious-activity"", ""attribution""]",,,,2015-05-15T09:12:16.432Z,sh.chromeenter.com,[domain-name:value = 'sh.chromeenter.com' OR ipv4-addr:value = '60.2.148.167'],stix,,2.1,indicator,2015-05-15T09:12:16.432678Z,"The object contains a detailed description of an indicator, specifically a domain name associated with malicious activity. The domain, 'sh.chromeenter.com', was previously connected to a password and IP address 60.2.148.167. However, the connection was made on May 15th, 2015, at 9:12 AM.

Additionally, this object has a pattern that is used to identify it, which includes matching a domain name or an IPv4 address against specific values, allowing for easy detection and potential analysis of malicious activity."
2015-05-15T09:12:16.432Z,,"The sample 56cff0d0e0ce486aa0b9e4bc0bf2a141 was compiled on 2011-08-31 and connected to mf.ddns.info with the password menuPass. The domain mf.ddns.info resolved to 54.241.8.84 on November 22, 2012. This same IP also hosted the domain av.ddns.us on the same date.",,,indicator--b8322c9b-8031-4fb3-9cbc-8a1ea0fe3cfa,,"[""malicious-activity"", ""attribution""]",,,,2015-05-15T09:12:16.432Z,mf.ddns.info,[domain-name:value = 'mf.ddns.info' OR ipv4-addr:value = '60.2.148.167'],stix,,2.1,indicator,2015-05-15T09:12:16.432678Z,"The object contains a description of an indicator, which is a malicious activity attributed to the domain mf.ddns.info. The domain was compiled on August 31, 2011, and connected to mf.ddns.info using the password menuPass. On November 22, 2012, the domain resolved to the IP address 54.241.8.84, which also hosted another domain called av.ddns.us on the same date.

The indicator is classified as malicious activity and attribution. The object contains a pattern definition, which states that mf.ddns.info or an IPv4 address with value '60.2.148.167' should be matched. This pattern type is referred to as STIX.

No information is available regarding family members of the domain or specific sectors related to the indicator."
2015-05-15T09:12:16.432Z,,"The sample 60963553335fa5877bd5f9be9d8b23a6 was compiled on June 9, 2012 and connected to av.ddns.us with the password of admin.",,,indicator--b08f9631-dd94-4d99-a96c-32b42af2ea81,,"[""malicious-activity"", ""attribution""]",,,,2015-05-15T09:12:16.432Z,av.ddns.us,[domain-name:value = 'av.ddns.us' OR ipv4-addr:value = '60.2.148.167'],stix,,2.1,indicator,2015-05-15T09:12:16.432678Z,"The object contains information about a network indicator, specifically an IP address. The description reveals that the IP address, 'av.ddns.us', was first seen on June 9, 2012, and it is connected to a specific domain name. Additionally, there is a reference to a password, which suggests that this IP address may have been used for malicious activity or as part of an attribution campaign.

Furthermore, the object contains information about pattern matching, indicating that 'av.ddns.us' can be identified using a Stix-style pattern. This pattern matches either a domain name or an IPv4 address with the value '60.2.148.167'. The presence of this pattern suggests that the IP address is being used for malicious purposes.

The object also includes information about the types of indicators associated with it, specifically 'malicious-activity' and 'attribution', which implies that this IP address may be linked to an attack or a threat actor. However, no further details are provided regarding the specific malicious activity or attribution campaigns associated with this indicator.

Overall, the object contains valuable information about a suspicious IP address, suggesting potential malicious use and possible connection to an attack or attribution campaign."
2015-05-15T09:12:16.432Z,,The sample 4e84b1448cf96fabe88c623b222057c4 connected to jj.mysecondarydns.com with the password menuPass. The domain jj.mysecondarydns.com also resolved to 60.2.148.167.,,,indicator--950c01b8-c647-4cc8-b0c1-3612fa780108,,"[""malicious-activity"", ""attribution""]",,,,2015-05-15T09:12:16.432Z,jj.mysecondarydns.com,[domain-name:value = 'jj.mysecondarydns.com' OR ipv4-addr:value = '60.2.148.167'],stix,,2.1,indicator,2015-05-15T09:12:16.432678Z,"The object contains information about a specific indicator, which is classified as an ""indicator"" type, indicating that it represents a piece of data or a clue related to a security threat. The description provided states that the sample, connected to the domain jj.mysecondarydns.com with the password menuPass, also resolved to the IP address 60.2.148.167.

This indicator is categorized under two types: ""malicious-activity"" and ""attribution"", suggesting that it may be related to malicious activities or attempts to attribute actions to a particular entity. The domain name jj.mysecondarydns.com itself appears to resolve to both a specific IP address (60.2.148.167) and the sample, indicating its potential role in facilitating communication between different entities.

The indicator is also associated with a pattern that matches either the domain name or the IP address of interest. This pattern uses a standard format for representing indicators known as STIX (Structured Threat Information Expression Language), which allows for standardized representation and exchange of threat data."
2015-05-15T09:12:16.432Z,,The sample 494e65cf21ad559fccf3dacdd69acc94 connected to mongoles.3322.org with the password fishplay.,,,indicator--ae29faa6-5f70-4eb8-981b-30818433a52e,,"[""malicious-activity"", ""attribution""]",,,,2015-05-15T09:12:16.432Z,mongoles.3322.org,[domain-name:value = 'mongoles.3322.org' OR ipv4-addr:value = '123.183.210.28'],stix,,2.1,indicator,2015-05-15T09:12:16.432678Z,"The object contains a description of an indicator, which is associated with the domain name ""mongoles.3322.org"". The description mentions that this domain was connected to by another entity using the password ""fishplay"". Additionally, the indicator has an external reference and a pattern that matches either a specific domain name or an IPv4 address.

The pattern itself uses the STIX format and includes two possible values: a domain name (""mongoles.3322.org"") and an IPv4 address (""123.183.210.28""). This suggests that the indicator is related to malicious activity, specifically attribution, which implies that it may be used to track or monitor the activities of this domain.

Furthermore, the object does not provide information on whether this indicator belongs to a specific family, its kill chain phases, malware types, or sectors. However, it specifies that the spec version of this indicator is 2.1, indicating that it conforms to a specific standard or format."
2015-05-15T09:12:16.432Z,,The sample a5965b750997dbecec61358d41ac93c7 connected to 3q.wubangtu.info with the password menuPass. The domain wubangtu.info also resolved to 123.183.210.28.,,,indicator--b6cc482d-89db-4e6b-a592-723070f6d22d,,"[""malicious-activity"", ""attribution""]",,,,2015-05-15T09:12:16.432Z,3q.wubangtu.info,[domain-name:value = '3q.wubangtu.info' OR ipv4-addr:value = '123.183.210.28'],stix,,2.1,indicator,2015-05-15T09:12:16.432678Z,"The object contains a domain name '3q.wubangtu.info' that was associated with malicious activity, specifically attribution, indicating a potential security threat. The domain resolved to the IP address 123.183.210.28. A pattern was created to identify this association, which includes the domain name and IP address in a specific format. This pattern is classified as STIX, a standard for representing security-related data in a structured way."
2015-05-15T09:12:16.432Z,,menuPass uses CPiShellPutDoc as a launcher for PIVY.,,,indicator--0b71628d-31dd-4eb8-baee-39f19c0a14b0,,"[""malicious-activity"", ""attribution""]",,,,2015-05-15T09:12:16.432Z,CPiShellPutDoc,[file:name = 'CPiShellPutDoc'],stix,,2.1,indicator,2015-05-15T09:12:16.432678Z,"The object contains information about an indicator, specifically a type of malicious activity known as CPiShellPutDoc. This launcher is used by the menuPass tool to execute PIVY. The identifier associated with this threat is categorized under two main types: malicious-activity and attribution.

The object provides details about its behavior, stating that it uses the file name 'CPiShellPutDoc' in its pattern. This pattern type is identified as STIX, a standard for describing security-related data. 

There are no specific references to external sources or sectors related to this threat. The object does not provide information on kill chain phases, malware types, or family affiliations.

The spec version associated with this indicator is 2.1, indicating the level of detail in its description and identification within the context of STIX standards."
2015-05-15T09:12:16.432Z,,Weaponized Microsoft Word document used by admin@338,"[{""source_name"": ""cve"", ""external_id"": ""CVE-2012-0158""}]",,vulnerability--c7cab3fb-0822-43a5-b1ba-c9bab34361a2,,,,,,2015-05-15T09:12:16.432Z,CVE-2012-0158,,,,2.1,vulnerability,,"The object contains information about a vulnerability, specifically a Microsoft Word document that has been weaponized by an administrator. This document is associated with a security concern referred to as CVE-2012-0158. The source of this reference indicates that it comes from a database or platform known as ""cve"", which stands for Common Vulnerabilities and Exposures.

A detailed description of the vulnerability reads like a malicious attack, indicating that the document has been used by an admin at IP address 338 to carry out some sort of attack. 

Unfortunately, certain pieces of this information are incomplete or missing, including details on indicators such as patterns, types, sectors, kill-chain phases, malware types, and even family identification."
2015-05-15T09:12:16.432Z,,Adobe acrobat PDF's used by admin@338,"[{""source_name"": ""cve"", ""external_id"": ""CVE-2009-4324""}]",,vulnerability--6a2eab9c-9789-4437-812b-d74323fa3bca,,,,,,2015-05-15T09:12:16.432Z,CVE-2009-4324,,,,2.1,vulnerability,,"The object contains information about a vulnerability, specifically the description of an Adobe Acrobat PDF file used by admin@338. The PDF is related to CVE-2009-4324, which is mentioned as an external reference from a source called ""cve"". This vulnerability has been associated with malware and was first seen in 2015."
2015-05-15T09:12:16.432Z,,Java 7 vulnerability exploited by th3bug,"[{""source_name"": ""cve"", ""external_id"": ""CVE-2013-0422""}]",,vulnerability--2b7f00d8-b133-4a92-9118-46ce5f8b2531,,,,,,2015-05-15T09:12:16.432Z,CVE-2013-0422,,,,2.1,vulnerability,,"The object contains details about a vulnerability exploit related to Java 7, specifically the CVE-2013-0422 vulnerability. The description provided is ""Java 7 vulnerability exploited by th3bug,"" which indicates that this particular instance of the vulnerability was discovered and documented by the user ""th3bug."" Furthermore, there is an external reference to a CVE (Common Vulnerabilities and Exposures) database entry with the identifier ""CVE-2013-0422,"" further solidifying the connection between the two.

Additionally, the object describes the first occurrence of this vulnerability as unknown (""first_seen"" field contains ""nan""), suggesting that its presence in this specific dataset may not be an exhaustive or definitive indication of its global prevalence. The classification and categorization of this vulnerability are currently undefined, indicating that it is being used to track and document instances without any predetermined labels.

Overall, the object provides a limited snapshot of a security vulnerability related to Java 7, emphasizing the importance of continuous monitoring for potential vulnerabilities and ensuring timely updates and patches to mitigate these risks."
2015-05-15T09:12:16.432Z,,Microsoft Internet Explorer 8 vulnerability exploited by th3bug,"[{""source_name"": ""cve"", ""external_id"": ""CVE-2013-1347""}]",,vulnerability--4d7dc9cb-983f-40b4-b597-d7a38b2d9a4b,,,,,,2015-05-15T09:12:16.432Z,CVE-2013-1347,,,,2.1,vulnerability,,"The object contains information about a vulnerability, specifically CVE-2013-1347, which was exploited by the threat actor known as th3bug. This vulnerability was related to Microsoft Internet Explorer 8 and was identified through external sources such as the Common Vulnerabilities and Exposures (CVE) database. The description of the vulnerability is attributed to th3bug, indicating that this specific exploit was carried out by an individual or group with malicious intent."
2015-05-15T09:12:16.432Z,,JRE vulnerability exploited by th3bug,"[{""source_name"": ""cve"", ""external_id"": ""CVE-2011-3544""}]",,vulnerability--8323404c-1fdd-4272-822b-829f85556c53,,,,,,2015-05-15T09:12:16.432Z,CVE-2011-3544,,,,2.1,vulnerability,,"The object contains a vulnerability description with several details. The name of the vulnerability is CVE-2011-3544, which was exploited by an individual named th3bug. Additionally, this vulnerability was identified as a result of a JRE (Java Runtime Environment) vulnerability. Furthermore, there is an external reference to a Common Vulnerabilities and Exposures (CVE) listing for this specific issue, specifically CVE-2011-3544.

Furthermore, the description provided for this vulnerability mentions that it was discovered by th3bug, indicating some level of expertise or knowledge about the subject matter."
2015-05-15T09:12:16.432Z,,"menuPass campaign using weaponized Microsoft Word documents, exploiting this vulnerability","[{""source_name"": ""cve"", ""external_id"": ""CVE-2010-3333""}]",,vulnerability--717cb1c9-eab3-4330-8340-e4858055aa80,,,,,,2015-05-15T09:12:16.432Z,CVE-2010-3333,,,,2.1,vulnerability,,"The object contains information about a vulnerability, specifically CVE-2010-3333. The vulnerability was first seen exploiting a Microsoft Word document, using weaponized documents to take advantage of the existing vulnerability. This campaign is also associated with a malicious source named 'cve', indicating that the vulnerability was identified by this external reference.

The description provided highlights the creative method used in the attack, utilizing word documents as the primary vector for exploitation. This suggests that the attackers successfully leveraged a known weakness to carry out their malicious activities.

It is worth noting that no additional details are available about the impact of this vulnerability or its effects on systems and applications."
