aliases,created,created_by_ref,description,external_references,goals,id,identity_class,is_family,kill_chain_phases,malware_types,modified,name,primary_motivation,sophistication,spec_version,threat_actor_types,tool_types,type,x_capabilities,summary
,2026-01-17T16:24:52.125929Z,,Darktrace is the publisher of this threat intelligence report. STIXed by TI Mindmap HUB.,,,identity--012332b1-72ac-6bf3-46d9-fe661901fcd2,organization,,,,2026-01-17T16:24:52.125929Z,Darktrace,,,2.1,,,identity,,"The object contains information about a threat intelligence report published by Darktrace. The publisher of the report is Darktrace, which is an organization itself. There is no specific motivation or goal mentioned for the publication of this report, but it is described as STIXed by TI Mindmap HUB. 

Additionally, the report does not mention any external references or sources used in its creation. It also lacks information on malware types, tool types, kill chain phases, and threat actor types, which are common categories found in threat intelligence reports.

The sophistication level of the reported threat is unknown as it falls under an undefined category. The primary motivation behind the publication of this report remains unspecified, though Darktrace is described solely as a publisher."
,2026-01-17T16:24:52.125929Z,,Signe Zaharka is the primary author of this threat intelligence report. STIXed by TI Mindmap HUB.,,,identity--c8384a3b-1160-aaea-5d44-b360ff69bde7,individual,,,,2026-01-17T16:24:52.125929Z,Signe Zaharka,,,2.1,,,identity,,"The object contains information about an individual threat actor named Signe Zaharka. The primary author of this threat intelligence report is Signe Zaharka, who is the main subject of the report.

Signe Zaharka's primary motivation and sophistication are unknown, as these fields have values set to null (nan). The primary motivation is expected to be specified in future updates or revisions of the report. Similarly, her level of sophistication remains unspecified at this time.

The individual is classified under the threat actor type 'individual', indicating that Signe Zaharka is a single entity rather than an organization or group. Her family relationships are also unknown, as the 'is_family' field has a value set to null (nan).

STIXed by TI Mindmap HUB is mentioned as a description for the report, but it does not provide additional information about Signe Zaharka herself.

The report includes several external references, goals, malware types, and tool types that are currently unknown or unspecified. The 'spec_version' field indicates that this report follows STIX version 2.1 specifications.

Overall, the object provides a basic outline of Signe Zaharka's threat actor profile, but leaves many details unanswered due to missing or null values in certain fields."
,2026-01-17T16:24:52.125929Z,,TI Mindmap HUB is an AI-powered threat intelligence platform that generates STIX bundles from OSINT sources.,,,identity--fbd192cb-0ab2-33e3-92cc-c2456bf8d439,organization,,,,2026-01-17T16:24:52.125929Z,TI Mindmap HUB,,,2.1,,,identity,,"The object contains information about an AI-powered threat intelligence platform called TI Mindmap HUB. The platform is designed to generate STIX bundles from Open-Source Intelligence (OSINT) sources. It is classified as an identity, indicating that it represents a specific entity or organization within the context of threat intelligence.

TI Mindmap HUB has no aliases, which suggests that it does not have any alternative names or designations. Its primary purpose and motivation are unknown, as these fields are currently set to 'nan' (not available). However, the platform's sophistication level is also unknown due to this field being set to 'nan'.

The TI Mindmap HUB platform can be categorized into several kill chain phases, but the exact information about these phases is not provided. It is also unclear what types of malware it targets or how sophisticated its toolset is.

In terms of threat actors and tools, TI Mindmap HUB does not provide any specific information due to fields being set to 'nan'. Its external references are also unknown, as this field is currently empty."
,2026-01-17T16:25:12.322442Z,identity--012332b1-72ac-6bf3-46d9-fe661901fcd2,"Medusa ransomware actors frequently gain initial access to victim environments by exploiting vulnerabilities in remote monitoring and management (RMM) tools. Specifically, they target unpatched or misconfigured SimpleHelp RMM servers (CVE-2024-57726, CVE-2024-57727, CVE-2024-57728), ConnectWise ScreenConnect (CVE-2024-1709), and other RMM platforms. By leveraging these flaws, the attackers bypass authentication or gain elevated privileges, allowing them to infiltrate the network without needing to rely on phishing or stolen credentials. This approach is highly effective due to the widespread deployment of RMM tools and the critical access they provide to IT infrastructure.","[{""source_name"": ""mitre-attack"", ""url"": ""https://attack.mitre.org/techniques/T1190/"", ""external_id"": ""T1190""}]",,attack-pattern--53349efe-ad07-8c98-465a-1735036d8de8,,,"[{""kill_chain_name"": ""mitre-attack"", ""phase_name"": ""initial-access""}]",,2026-01-17T16:25:12.322442Z,Initial Access via Exploitation of RMM Vulnerabilities,,,2.1,,,attack-pattern,,"The object contains information about a specific attack pattern related to initial access via exploitation of Remote Monitoring and Management (RMM) vulnerabilities. Medusa ransomware actors frequently gain initial access to victim environments by targeting unpatched or misconfigured RMM servers, including SimpleHelp RMM servers, ConnectWise ScreenConnect, and other RMM platforms. By exploiting vulnerabilities in these tools, attackers can bypass authentication or gain elevated privileges, allowing them to infiltrate the network without relying on phishing or stolen credentials.

This approach is highly effective due to the widespread deployment of RMM tools and the critical access they provide to IT infrastructure. The attack pattern utilizes techniques described in the MITRE ATT&CK framework (T1190), indicating that it exploits vulnerabilities to gain initial access to a target environment."
,2026-01-17T16:25:12.322561Z,identity--012332b1-72ac-6bf3-46d9-fe661901fcd2,"Medusa actors often collaborate with initial access brokers (IABs) who sell access to compromised devices or accounts. These brokers typically obtain access through phishing, credential stuffing, or brute-force attacks. Medusa leverages this purchased access to bypass traditional perimeter defenses and immediately begin post-compromise activities. This outsourcing of initial compromise enables rapid scaling and diversification of targets, as the ransomware operators do not need to conduct the initial intrusion themselves.",,,attack-pattern--c6f83e59-cef6-fc08-c04b-4dc95475d887,,,"[{""kill_chain_name"": ""mitre-attack"", ""phase_name"": ""initial-access""}]",,2026-01-17T16:25:12.322561Z,Abuse of Purchased Access from Initial Access Brokers,,,2.1,,,attack-pattern,,"The object contains information about a specific attack pattern identified as ""Abuse of Purchased Access from Initial Access Brokers."" This attack pattern leverages the compromised devices or accounts obtained through phishing, credential stuffing, or brute-force attacks by initial access brokers to bypass traditional perimeter defenses. The attackers can then immediately begin post-compromise activities.

This outsourcing of initial compromise enables rapid scaling and diversification of targets, as the ransomware operators do not need to conduct the initial intrusion themselves. As a result, Medusa actors often collaborate with these initial access brokers to carry out their attacks.

The attack pattern's goals include exploiting purchased access from initial access brokers, leveraging compromised devices or accounts to bypass perimeter defenses, and conducting post-compromise activities. The primary motivation behind this attack pattern is not explicitly stated in the provided information."
,2026-01-17T16:25:12.323153Z,identity--012332b1-72ac-6bf3-46d9-fe661901fcd2,"After gaining access to SimpleHelp management servers, Medusa threat actors edit server configuration files to redirect existing SimpleHelp RMM agents to communicate with unauthorized servers under their control. This technique allows the attackers to maintain persistent access to compromised endpoints, even if the initial infection vector is remediated. By hijacking legitimate RMM infrastructure, they blend in with normal administrative activity and evade detection, ensuring long-term access for further malicious operations.",,,attack-pattern--db6fd45c-82b0-2e1e-d367-40076ee9cf0f,,,"[{""kill_chain_name"": ""mitre-attack"", ""phase_name"": ""persistence""}]",,2026-01-17T16:25:12.323153Z,Persistence via RMM Agent Reconfiguration,,,2.1,,,attack-pattern,,"The object contains information about a threat actor's technique used to maintain persistent access to compromised endpoints. The technique involves Medusa threat actors gaining access to SimpleHelp management servers, where they edit server configuration files to redirect existing SimpleHelp RMM agents to communicate with unauthorized servers under their control. This method allows the attackers to blend in with normal administrative activity and evade detection, ensuring long-term access for further malicious operations.

By hijacking legitimate RMM infrastructure, the threat actors can maintain a persistent presence on compromised endpoints even if the initial infection vector is remediated. The technique enables the attackers to conduct ongoing malicious activities without being detected."
,2026-01-17T16:25:12.323308Z,identity--012332b1-72ac-6bf3-46d9-fe661901fcd2,"Medusa utilizes legitimate RMM tools such as SimpleHelp and Atera for command and control (C2) operations. By leveraging these platforms, the attackers can issue commands, transfer files, and control compromised systems remotely. The use of legitimate software allows them to evade network-based detection mechanisms, as traffic to RMM servers is typically permitted and considered benign. This technique is particularly effective in environments where RMM tools are widely used for IT support and maintenance.","[{""source_name"": ""mitre-attack"", ""url"": ""https://attack.mitre.org/techniques/T1219/"", ""external_id"": ""T1219""}]",,attack-pattern--1d74e0bd-50d8-89e8-14a9-2cfac7644e3d,,,"[{""kill_chain_name"": ""mitre-attack"", ""phase_name"": ""command-and-control""}]",,2026-01-17T16:25:12.323308Z,Command and Control via Legitimate RMM Tools,,,2.1,,,attack-pattern,,"The object contains a detailed description of an attack pattern involving the use of legitimate Remote Management Tools (RMM) for command and control (C2) operations. The attackers utilize platforms like SimpleHelp and Atera to issue commands, transfer files, and control compromised systems remotely. This technique is particularly effective in environments where RMM tools are widely used for IT support and maintenance, as it allows the attackers to evade network-based detection mechanisms by leveraging legitimate software.

The attackers' use of RMM tools enables them to avoid raising suspicions, as traffic to these servers is typically permitted and considered benign. However, this technique can be particularly effective in environments where RMM tools are widely used for IT support and maintenance, making it a sophisticated attack pattern that requires attention from security professionals.

According to external references, this attack pattern is also tracked under the Mitre-Attack framework, with an associated threat score of T1219. The primary goal of this attack pattern appears to be to establish command and control over compromised systems, which can then be used for further malicious activities."
,2026-01-17T16:25:12.323453Z,identity--012332b1-72ac-6bf3-46d9-fe661901fcd2,"Once inside a network, Medusa actors use RMM tools to move laterally between systems. By exploiting the administrative capabilities of platforms like SimpleHelp, they can access additional endpoints, deploy ransomware payloads, and expand their foothold within the organization. This method allows for stealthy lateral movement, as actions performed via RMM tools often mimic legitimate IT operations and are less likely to trigger security alerts.","[{""source_name"": ""mitre-attack"", ""url"": ""https://attack.mitre.org/techniques/T1021/004/"", ""external_id"": ""T1021.004""}]",,attack-pattern--4618cdb0-d3d1-18d0-cadd-bd7e25fb16c0,,,"[{""kill_chain_name"": ""mitre-attack"", ""phase_name"": ""lateral-movement""}]",,2026-01-17T16:25:12.323453Z,Lateral Movement Using RMM Functionality,,,2.1,,,attack-pattern,,"The object contains information about an attack pattern involving lateral movement using Remote Monitoring and Management (RMM) tools. This type of attack allows Medusa actors to move laterally within a network, utilizing RMM tools to access additional endpoints and deploy ransomware payloads. The attackers can accomplish this without triggering security alerts, as actions performed via RMM tools often mimic legitimate IT operations.

The attack pattern exploits the administrative capabilities of platforms such as SimpleHelp, which enables the attackers to expand their foothold within an organization. Once inside a network, Medusa actors use RMM tools to move laterally between systems, potentially leading to further compromise and lateral movement.

The external reference provided links to a Mitre-attack technique, T1021.004, indicating that this attack pattern is based on known tactics used by threat actors in the past. The kill chain phase associated with this attack pattern is ""lateral-movement"", suggesting that it is part of a broader attack sequence aimed at expanding an attacker's access within a network.

The object does not provide information about specific malware types or tool types used in this attack pattern, but rather focuses on the general methods and tactics employed by Medusa actors to achieve their goals."
,2026-01-17T16:25:12.323749Z,identity--012332b1-72ac-6bf3-46d9-fe661901fcd2,"Medusa ransomware operators use RMM tools not only for persistence and control but also for data exfiltration. By leveraging the file transfer capabilities of SimpleHelp and similar platforms, they can extract sensitive data from victim networks without raising suspicion. This technique exploits the trusted nature of RMM traffic and allows attackers to bypass traditional data loss prevention controls.",,,attack-pattern--e207fb08-e390-62d1-f725-96d8419ad08d,,,"[{""kill_chain_name"": ""mitre-attack"", ""phase_name"": ""exfiltration""}]",,2026-01-17T16:25:12.323749Z,Data Exfiltration via RMM Channels,,,2.1,,,attack-pattern,,"The object contains information about a type of attack pattern related to data exfiltration via Remote Management Tools (RMM). The attackers use RMM tools not only for persistence and control but also for extracting sensitive data from victim networks without raising suspicion. This technique exploits the trusted nature of RMM traffic, allowing attackers to bypass traditional data loss prevention controls.

The attackers leverage file transfer capabilities of SimpleHelp or similar platforms to extract sensitive data from victim networks, thereby using the trusted nature of RMM traffic to their advantage. By doing so, they can avoid detection by traditional data loss prevention controls."
,2026-01-17T16:25:12.328528Z,identity--012332b1-72ac-6bf3-46d9-fe661901fcd2,"Medusa employs a triple extortion model, going beyond traditional ransomware tactics. After encrypting data, they threaten victims with public data leaks and apply additional pressure through distributed denial-of-service (DDoS) attacks or by contacting the victim’s customers directly. This multi-pronged approach increases the likelihood of ransom payment by targeting both the organization’s operations and reputation, as well as its relationships with external stakeholders.",,,attack-pattern--b87fdd7b-fff7-ffe0-8539-2965d3d79cf4,,,"[{""kill_chain_name"": ""mitre-attack"", ""phase_name"": ""impact""}]",,2026-01-17T16:25:12.328528Z,"Triple Extortion: Encryption, Data Leak Threats, and DDoS/Customer Contact",,,2.1,,,attack-pattern,,"The object contains information about a specific attack pattern known as Triple Extortion: Encryption, Data Leak Threats, and DDoS/Customer Contact. This attack pattern employs a triple extortion model that goes beyond traditional ransomware tactics by using multiple threats to extort victims into paying a ransom.

Medusa is the identity associated with this attack pattern, which uses encryption as its initial tactic. However, instead of simply demanding payment in exchange for restoring access to encrypted data, Medusa also threatens to leak sensitive public information and applies additional pressure through distributed denial-of-service (DDoS) attacks or by contacting the victim's customers directly.

The multi-pronged approach used by Medusa increases the likelihood of ransom payment by targeting not only an organization's operations but also its reputation and relationships with external stakeholders. This allows Medusa to effectively blackmail victims into paying a ransom in order to protect their reputation from potential data leaks and mitigate disruptions caused by DDoS attacks.

The threat actor type associated with this attack pattern is not specified, but it is clear that it involves sophisticated tactics and techniques that go beyond traditional ransomware methods."
,2026-01-17T16:25:12.329105Z,identity--012332b1-72ac-6bf3-46d9-fe661901fcd2,"Medusa ransomware encrypts files on compromised systems, appending the .MEDUSA extension to affected files and dropping a ransom note named !!!READ_ME_MEDUSA!!!.txt. This technique ensures victims are aware of the compromise and provides clear instructions for ransom payment. The distinctive file extension and ransom note differentiate Medusa from other ransomware variants and serve as a recognizable signature for incident responders.","[{""source_name"": ""mitre-attack"", ""url"": ""https://attack.mitre.org/techniques/T1486/"", ""external_id"": ""T1486""}]",,attack-pattern--03eb5569-c605-44ab-0b86-ab7fadb680f8,,,"[{""kill_chain_name"": ""mitre-attack"", ""phase_name"": ""impact""}]",,2026-01-17T16:25:12.329105Z,File Encryption with Distinctive Ransom Note and Extension,,,2.1,,,attack-pattern,,"The object contains information about a specific type of ransomware attack known as File Encryption with Distinctive Ransom Note and Extension. This type of attack involves encrypting files on compromised systems, appending the .MEDUSA extension to affected files, and dropping a ransom note named !!!READ_ME_MEDUSA!!!.txt.

The technique used by Medusa ransomware ensures that victims are aware of the compromise and receive clear instructions for ransom payment, making it easier for attackers to extort money from them. The distinctive file extension and ransom note serve as a recognizable signature for incident responders, allowing them to identify and respond to this type of attack more effectively.

This attack pattern is recognized by the MITRE ATT&CK framework, which assigns it a technique number (T1486) and provides additional information about its characteristics and tactics. The framework also links to external resources, such as the URL provided for further information on this attack pattern."
,2026-01-17T16:25:12.329820Z,identity--012332b1-72ac-6bf3-46d9-fe661901fcd2,"Beyond RMM tools, Medusa actors exploit vulnerabilities in other enterprise management platforms, such as Fortra’s GoAnywhere MFT License Servlet (CVE-2025-10035), Microsoft Exchange Server (CVE-2021-34473/ProxyShell), and Fortinet Enterprise Management Servers (CVE-2023-48788). By targeting these systems, which often have elevated privileges and access to sensitive data, attackers can rapidly escalate their privileges and deploy ransomware across large portions of the network.","[{""source_name"": ""mitre-attack"", ""url"": ""https://attack.mitre.org/techniques/T1190/"", ""external_id"": ""T1190""}]",,attack-pattern--53349efe-ad07-8c98-465a-1735036d8de8,,,"[{""kill_chain_name"": ""mitre-attack"", ""phase_name"": ""initial-access""}]",,2026-01-17T16:25:12.329820Z,Exploitation of Vulnerabilities in Enterprise Management Servers,,,2.1,,,attack-pattern,,"The object contains information about a type of attack pattern known as the ""Exploitation of Vulnerabilities in Enterprise Management Servers"". This attack pattern involves exploiting vulnerabilities in various enterprise management platforms, including Fortra's GoAnywhere MFT License Servlet, Microsoft Exchange Server, and Fortinet Enterprise Management Servers. By targeting these systems, attackers can gain elevated privileges and access to sensitive data, allowing them to rapidly escalate their privileges and deploy ransomware across large portions of the network.

The attack pattern also exploits vulnerabilities that have been previously identified by Mitre's attack techniques, specifically T1190. This technique involves exploiting vulnerabilities in enterprise management servers to achieve initial access. The attackers can use these vulnerabilities to gain control over the affected systems, which often have high privileges and access to sensitive data.

It is worth noting that this attack pattern does not provide any information on the primary motivation behind the attack or the sophistication level of the attackers involved. Additionally, there is no specific malware type associated with this attack pattern, but it is clear that the ultimate goal is to deploy ransomware across the affected network."
"[""Storm-1175"", ""Spearwing""]",2026-01-17T16:25:17.947708Z,identity--012332b1-72ac-6bf3-46d9-fe661901fcd2,"Medusa is a Ransomware-as-a-Service (RaaS) family that exploits remote monitoring and management (RMM) tools for persistence, lateral movement, and data exfiltration. It is known for triple extortion tactics and indiscriminate targeting across sectors.",,,malware--1068f877-f9f5-087d-dcc6-02f68870d534,,True,,"[""ransomware""]",2026-01-17T16:25:17.947708Z,Medusa,,,2.1,,,malware,"[""encryption"", ""data-exfiltration"", ""lateral-movement"", ""persistence"", ""command-and-control""]","The object contains information about Medusa, a type of ransomware that belongs to the Ransomware-as-a-Service (RaaS) family. Medusa exploits remote monitoring and management tools for persistence, lateral movement, and data exfiltration. It is known for employing triple extortion tactics and targeting indiscriminately across various sectors.

Medusa utilizes these tactics to achieve its objectives, which include encryption, data-exfiltration, lateral-movement, persistence, and command-and-control capabilities. Its sophistication level and primary motivation are not specified in the provided metadata. The malware type categorizes it as ransomware, with specific tools and techniques that enable its functionality.

The Medusa ransomware family has a unique characteristic of using remote monitoring and management (RMM) tools to establish persistence on infected systems, allowing for ongoing activity without user detection. This exploits vulnerabilities in legitimate software used by businesses for remote management, making it a sophisticated threat actor."
,2026-01-17T16:25:17.947791Z,identity--012332b1-72ac-6bf3-46d9-fe661901fcd2,MedusaLocker is a ransomware family mentioned as distinct from Medusa. It encrypts files and demands ransom but is not the focus of the described attacks.,,,malware--fed39969-cbc6-aa71-af77-edfc7bb5fbdb,,True,,"[""ransomware""]",2026-01-17T16:25:17.947791Z,MedusaLocker,,,2.1,,,malware,"[""encryption""]","The object contains information about MedusaLocker, a type of ransomware. It is described as a distinct entity from the previously mentioned Medusa, despite being part of the same family. The malware's primary function is to encrypt files and demand payment in exchange for restoring access to the encrypted data. However, it is not the main focus of the attacks being discussed.

The malware falls under the category of ransomware, which is one of its identified types. There is no specific primary motivation associated with MedusaLocker, but rather a more general categorization as a type of ransomware."
,2026-01-17T16:25:17.947843Z,identity--012332b1-72ac-6bf3-46d9-fe661901fcd2,"Medusa Android Banking Trojan is referenced as a similarly named but separate malware, primarily targeting mobile banking credentials. It is not involved in the described campaign.",,,malware--f2bf44f1-d499-98d0-a3f3-3b8998f1ee96,,True,,"[""trojan""]",2026-01-17T16:25:17.947843Z,Medusa Android Banking Trojan,,,2.1,,,malware,"[""credential-theft""]","The object contains information about a specific type of malware known as the Medusa Android Banking Trojan. The malware is categorized under the family of malware, indicating that it belongs to a larger group of similar threats. This particular threat targets mobile banking credentials and has been referenced in a separate context regarding another campaign.

Further details about this malware are limited, with no information provided on its goals or primary motivation for being created. Additionally, there is no mention of the sophistication level required to carry out an attack using this malware.

It's worth noting that the Medusa Android Banking Trojan has been linked to credential theft as one of its capabilities. This implies that it is designed to steal sensitive information, such as login credentials or financial data.

Overall, while some basic information about the Malwarae Android Banking Trojan is available, more detailed analysis would be required to fully understand its purpose and potential impact on mobile devices."
"[""Medusa Stealer""]",2026-01-17T16:25:17.947896Z,identity--012332b1-72ac-6bf3-46d9-fe661901fcd2,"Medusa Botnet/Medusa Stealer is mentioned as a distinct malware family, unrelated to the ransomware campaign, typically used for stealing information and botnet activity.",,,malware--f0f7f86c-7155-cd28-ad5f-e4d43a58fdd8,,True,,"[""botnet"", ""stealer""]",2026-01-17T16:25:17.947896Z,Medusa Botnet,,,2.1,,,malware,"[""data-exfiltration"", ""command-and-control""]","The object contains information about a specific type of malware known as the Medusa Botnet/Medusa Stealer. This malware family is distinct from ransomware campaigns and is primarily used for stealing sensitive information and controlling botnet activity. According to the data, the primary function of this malware is data exfiltration and command-and-control operations.

The malware types associated with the Medusa Botnet/Medusa Stealer include both botnet and stealer categories. The term ""stealer"" suggests that this malware is designed to steal sensitive information from infected systems or devices. The specific capabilities of the malware include data exfiltration, which refers to the unauthorized transfer of data out of a system, and command-and-control operations, which allow attackers to remotely control infected systems.

Overall, the Medusa Botnet/Medusa Stealer appears to be a sophisticated piece of malware designed to facilitate malicious activities such as information theft and botnet control."
"[""Storm-1175"", ""Spearwing""]",2026-01-17T16:25:24.247376Z,identity--012332b1-72ac-6bf3-46d9-fe661901fcd2,"Medusa is a ransomware group operating a Ransomware-as-a-Service (RaaS) model, responsible for attacks exploiting RMM tools for persistence, lateral movement, and data exfiltration. The group is attributed with over 500 victim organizations and is known for collaborating with initial access brokers and employing triple extortion tactics.",,"[""File encryption for ransom"", ""Data exfiltration"", ""Triple extortion (encryption, data leak threats, DDoS/customer pressure)"", ""Abuse of RMM tools for persistence and lateral movement""]",threat-actor--1068f877-f9f5-087d-dcc6-02f68870d534,,,,,2026-01-17T16:25:24.247376Z,Medusa,financial,advanced,2.1,"[""criminal""]",,threat-actor,,"The object contains information about Medusa, a ransomware group operating under a Ransomware-as-a-Service (RaaS) model. The group is known for exploiting Remote Management Tools (RMM) to gain persistence, facilitate lateral movement, and exfiltrate data from victim organizations.

Medusa has been attributed with over 500 victim organizations and is recognized for its collaboration with initial access brokers and the use of triple extortion tactics, which involve encrypting files, threatening data leaks, and launching Denial of Service (DDoS) attacks or customer pressure to further extort victims. The group's primary motivation appears to be financial gain.

The Medusa ransomware group employs advanced tactics, positioning itself as an ""advanced"" threat actor. Its goals include file encryption for ransom, data exfiltration, triple extortion, and the abuse of RMM tools for persistence and lateral movement.

It is worth noting that Medusa's capabilities are not fully detailed in the provided metadata, which may indicate a lack of publicly available information or that this specific group's details are still under investigation."
,2026-01-17T16:25:24.247458Z,identity--012332b1-72ac-6bf3-46d9-fe661901fcd2,"Frozen Spider is referenced as a Big Game Hunting (BGH) group affiliated with Medusa, suggesting collaboration in ransomware operations and targeting large organizations for high-value extortion.",,"[""Big Game Hunting ransomware operations"", ""Collaboration with Medusa for large-scale attacks""]",threat-actor--21c83884-d8a3-056a-bf36-40e1e6f3f460,,,,,2026-01-17T16:25:24.247458Z,Frozen Spider,financial,advanced,2.1,"[""criminal""]",,threat-actor,,"The object contains information about a threat actor known as Frozen Spider. This entity is affiliated with Medusa, suggesting collaboration in ransomware operations and targeting large organizations for high-value extortion. The primary motivation behind this group's actions is financial gain.

Frozen Spider operates under the Big Game Hunting (BGH) framework, which involves large-scale attacks on high-value targets. The group's goals are to engage in BGH ransomware operations and collaborate with Medusa to carry out these attacks.

In terms of sophistication, Frozen Spider is considered advanced, indicating that their tactics, techniques, and procedures (TTPs) are likely complex and difficult to detect. The primary motivation behind this threat actor's actions is financial gain, which suggests that they are driven by economic motivations.

It's worth noting that the specific tools and capabilities used by Frozen Spider are not well-documented in this data, although it can be inferred that they are advanced and sophisticated. Overall, the object provides valuable insights into the tactics, techniques, and procedures of a threat actor known as Frozen Spider."
,2026-01-17T16:25:24.247512Z,identity--012332b1-72ac-6bf3-46d9-fe661901fcd2,"UNC7885 is mentioned as a cybercriminal group affiliated with Medusa, indicating involvement in ransomware campaigns and possibly providing operational support or resources.",,"[""Support Medusa ransomware operations"", ""Cybercriminal collaboration""]",threat-actor--d3c7b4bf-2d08-e9ed-883f-d97a1c2abb07,,,,,2026-01-17T16:25:24.247512Z,UNC7885,financial,intermediate,2.1,"[""criminal""]",,threat-actor,,"The object contains information about a cyber threat actor named UNC7885. This group is affiliated with Medusa, indicating that it may be involved in ransomware campaigns. It's also possible that UNC7885 provides operational support or resources to Medusa.

UNC7885 has specific goals, which include supporting Medusa ransomware operations and collaborating with other cybercriminals. These objectives suggest that the primary motivation behind this threat actor is financial gain, as ransomware attacks are often used for extortion purposes.

In terms of sophistication, UNC7885 falls into the intermediate category, indicating a moderate level of skill and expertise within the group. This suggests that while they may not be highly advanced in their methods, they still pose a significant threat to individuals and organizations.

The primary motivation behind UNC7885 is financial, which is consistent with many ransomware attacks. However, it's worth noting that this information also aligns with the broader goals of Medusa, as financial gain is often the ultimate objective of these types of campaigns.

Overall, UNC7885 appears to be a mid-level threat actor that operates within the realm of ransomware campaigns and cybercriminal collaboration. While they may not be highly advanced in their methods, they still pose a significant threat to individuals and organizations, particularly those targeted by Medusa."
"[""IABs""]",2026-01-17T16:25:24.247565Z,identity--012332b1-72ac-6bf3-46d9-fe661901fcd2,"Initial Access Brokers are criminal actors who provide compromised access to networks and accounts to ransomware groups like Medusa, typically via phishing, credential stuffing, or exploiting vulnerabilities.",,"[""Sell compromised access to Medusa and affiliates"", ""Enable initial access for ransomware deployment""]",threat-actor--8c1b600f-f14a-7e34-0ba0-865e528cedf1,,,,,2026-01-17T16:25:24.247565Z,Initial Access Brokers,financial,intermediate,2.1,"[""criminal""]",,threat-actor,,"The object contains information about the Initial Access Brokers, a type of threat actor who engage in criminal activities. They are aliases for IABs. The primary goal of these actors is to sell compromised access to networks and accounts to ransomware groups like Medusa, typically through phishing, credential stuffing, or exploiting vulnerabilities.

Their secondary objective is to enable initial access for ransomware deployment. This indicates that the Initial Access Brokers play a crucial role in facilitating the ransomware attacks carried out by the Medusa group.

The motivation behind their actions is financial, suggesting that they are primarily driven by the prospect of monetary gain from selling compromised access or participating in ransomware activities. Their sophistication level is considered intermediate, indicating that they employ some level of technical expertise but may not be as advanced as other threat actors.

Overall, the Initial Access Brokers are a type of threat actor who pose a significant risk to organizations and networks by providing compromised access to malicious actors like Medusa, ultimately contributing to the spread of ransomware attacks."
,2026-01-17T16:25:34.845990Z,identity--012332b1-72ac-6bf3-46d9-fe661901fcd2,"Medusa actors exploit vulnerabilities and misconfigurations in SimpleHelp, a legitimate remote monitoring and management (RMM) tool, to gain initial access, establish persistence, and perform lateral movement by redirecting RMM agents to attacker-controlled servers.",,,tool--9742c6fe-8ffb-df63-7e88-3229c6655528,,,"[{""kill_chain_name"": ""mitre-attack"", ""phase_name"": ""initial-access""}]",,2026-01-17T16:25:34.845990Z,SimpleHelp,,,2.1,,"[""remote-access"", ""exploitation""]",tool,,"The object contains information about a tool called SimpleHelp, which is used for remote monitoring and management. The purpose of this tool was exploited by Medusa actors to gain initial access, establish persistence, and perform lateral movement by redirecting RMM agents to attacker-controlled servers. This indicates that SimpleHelp has a vulnerability that can be exploited by attackers.

The attack involves exploiting misconfigurations in the tool to establish an initial connection with its intended target, allowing for further attacks such as persistence, where the attackers maintain control over the compromised system, and lateral movement, which involves transferring the malicious activity between different systems. 

In terms of threat sophistication, there is no specific information available regarding this incident, which suggests that the attack may have been launched by a moderately skilled attacker or one who leverages common exploits in well-known tools.

Medusa actors specifically targeted SimpleHelp as part of their attacks, exploiting its vulnerabilities to carry out malicious activities."
,2026-01-17T16:25:34.846071Z,identity--012332b1-72ac-6bf3-46d9-fe661901fcd2,"JWrapper, a legitimate Java application packaging and distribution tool, is observed in Medusa ransomware attacks making unusual external HTTP connections, likely used to facilitate cross-platform payload delivery and management of malicious executables.",,,tool--46da6933-57a9-a6ea-3a17-1b8281ea8628,,,"[{""kill_chain_name"": ""mitre-attack"", ""phase_name"": ""command-and-control""}]",,2026-01-17T16:25:34.846071Z,JWrapper,,,2.1,,"[""remote-access"", ""execution""]",tool,,"The object contains information about a specific tool used in Medusa ransomware attacks, referred to as JWrapper. This Java application packaging and distribution tool is observed making unusual external HTTP connections that are likely used to facilitate cross-platform payload delivery and management of malicious executables. The tool's primary function appears to be related to remote access and execution capabilities."
,2026-01-17T16:25:34.846121Z,identity--012332b1-72ac-6bf3-46d9-fe661901fcd2,"Atera, a legitimate RMM platform, is abused by Medusa actors for remote access and control over compromised systems, enabling persistence and facilitating further malicious activities within victim environments.",,,tool--cb018b85-29b4-6472-3bcf-6cf2460a8a00,,,"[{""kill_chain_name"": ""mitre-attack"", ""phase_name"": ""persistence""}]",,2026-01-17T16:25:34.846121Z,Atera,,,2.1,,"[""remote-access""]",tool,,"The object contains information about a security threat tool known as Atera. Atera is a legitimate Remote Monitoring Management (RMM) platform that has been abused by the Medusa actors for malicious purposes. Specifically, these actors have exploited Atera to gain remote access and control over compromised systems, allowing them to persist on infected environments and facilitate further malicious activities.

The primary method of attack described in this threat tool is persistence, which is a kill chain phase that involves maintaining a presence within the victim environment once initial access has been gained. The Medusa actors have successfully leveraged Atera as a means to achieve this persistence, exploiting its legitimate features for nefarious purposes.

It's worth noting that no specific goals or motivations are associated with the use of Atera by the Medusa actors. However, it's clear that their intent is to cause harm and compromise secure systems. The threat actor types and tool types listed in the metadata do not provide any additional information on the nature or scope of these threats.

Overall, this threat tool highlights the importance of monitoring legitimate security tools for signs of misuse by malicious actors. It also underscores the need for robust security measures to prevent exploitation of widely used platforms like Atera."
,2026-01-17T16:25:34.846170Z,identity--012332b1-72ac-6bf3-46d9-fe661901fcd2,"Medusa actors exploit vulnerabilities in ConnectWise ScreenConnect, a legitimate RMM tool, to gain unauthorized access to victim infrastructure and deploy ransomware payloads.",,,tool--9ff5d71e-3dc5-daea-f1cc-571838b44274,,,"[{""kill_chain_name"": ""mitre-attack"", ""phase_name"": ""initial-access""}]",,2026-01-17T16:25:34.846170Z,ConnectWise ScreenConnect,,,2.1,,"[""remote-access"", ""exploitation""]",tool,,"The object contains information about a specific tool, ConnectWise ScreenConnect, that is exploited by Medusa actors to gain unauthorized access to victim infrastructure and deploy ransomware payloads. This legitimate Remote Monitoring and Management (RMM) tool is used as an entry point for the attackers.

The primary attack vector involves exploiting vulnerabilities in the tool itself, allowing Medusa actors to bypass security controls and gain initial access to the targeted systems. The threat actors are able to use this exploitation technique to deploy ransomware payloads, ultimately resulting in a significant disruption of the victim's infrastructure.

In terms of sophistication, the attackers have demonstrated some level of expertise, as they are using known vulnerabilities in legitimate tools to achieve their objectives. However, further information is needed to fully assess the level of sophistication and potential impact of this specific attack campaign.

The identified kill chain phase is ""initial-access"", indicating that exploiting vulnerabilities in ConnectWise ScreenConnect serves as the initial step in the attack process. This information provides insight into the tactics, techniques, and procedures (TTPs) employed by Medusa actors.

It is worth noting that the threat actor types associated with this specific tool are not explicitly listed, which may be due to a lack of information or an unknown affiliation."
,2026-01-17T16:25:34.846216Z,identity--012332b1-72ac-6bf3-46d9-fe661901fcd2,"Medusa actors exploit vulnerabilities in GoAnywhere MFT, a legitimate managed file transfer solution, to gain initial access and move laterally within victim networks.",,,tool--c682e3b7-c356-4a91-cb4b-e18e1f3e04b3,,,"[{""kill_chain_name"": ""mitre-attack"", ""phase_name"": ""initial-access""}]",,2026-01-17T16:25:34.846216Z,GoAnywhere MFT,,,2.1,,"[""exploitation""]",tool,,"The object contains information about a threat actor named GoAnywhere MFT. This managed file transfer solution was exploited by Medusa actors to gain initial access into victim networks and move laterally within those networks.

GoAnywhere MFT is described as a legitimate tool, but its vulnerability exploit was used maliciously. The exploitation allowed the attackers to gain an initial foothold in the network before moving on to other phases of the attack.

The kill chain phase involved an initial-access tactic, which is part of the MITRE-ATTACK framework. This framework categorizes and analyzes cyber attacks into distinct phases.

The primary motivation behind this attack is not explicitly stated, but it can be inferred that the goal was to gain unauthorized access to a network using legitimate tools. The sophistication level of the attack is also unknown.

The malware types associated with GoAnywhere MFT are not specified, which may indicate that the tool itself was used without modification or that no malware was involved. This lack of information makes it difficult to determine the full scope of the attack's impact.

In terms of threat actor types and tool types, this attack falls under the category of exploitation tools, specifically those that take advantage of vulnerabilities in legitimate software."
,2026-01-17T16:25:34.846262Z,identity--012332b1-72ac-6bf3-46d9-fe661901fcd2,"Medusa actors exploit vulnerabilities in Microsoft Exchange Server, a legitimate email and collaboration platform, to gain initial access and potentially escalate privileges within target organizations.",,,tool--1a56db45-0fb5-b457-e47e-d3afdc79be62,,,"[{""kill_chain_name"": ""mitre-attack"", ""phase_name"": ""initial-access""}]",,2026-01-17T16:25:34.846262Z,Microsoft Exchange Server,,,2.1,,"[""exploitation""]",tool,,"The object contains a description of an attack tool used to exploit vulnerabilities in Microsoft Exchange Server. The attackers gain initial access by exploiting the vulnerabilities, which could potentially lead to escalating privileges within targeted organizations. 

The primary purpose of this attack tool is not explicitly stated, but it appears to be designed for exploitation purposes only."
,2026-01-17T16:25:34.846306Z,identity--012332b1-72ac-6bf3-46d9-fe661901fcd2,"Medusa actors exploit vulnerabilities in Fortinet EMS, a legitimate enterprise security management platform, to gain unauthorized access and facilitate further compromise within victim environments.",,,tool--04056aae-5a2f-505d-6541-b49ff06fbbd3,,,"[{""kill_chain_name"": ""mitre-attack"", ""phase_name"": ""initial-access""}]",,2026-01-17T16:25:34.846306Z,Fortinet Enterprise Management Server (EMS),,,2.1,,"[""exploitation""]",tool,,"The object contains information about a tool used by Medusa actors to exploit vulnerabilities in Fortinet EMS, a legitimate enterprise security management platform. This tool allows the attackers to gain unauthorized access and facilitate further compromise within victim environments. The primary purpose of this tool is exploitation, which involves identifying and exploiting weaknesses in software or hardware to gain unauthorized access.

The tool targets Fortinet Enterprise Management Server (EMS), a platform commonly used for managing security systems. By exploiting vulnerabilities in EMS, Medusa actors can bypass security controls and gain access to sensitive areas of the network. The use of this tool highlights the importance of regular security updates and patching to prevent such attacks.

While specific details about the goals, sophistication, or primary motivation behind using this tool are not available, it is clear that it poses a significant threat to enterprise environments relying on Fortinet EMS for security management."
