aliases,created,created_by_ref,description,external_references,goals,id,identity_class,indicator_types,is_family,kill_chain_phases,malware_types,modified,name,pattern,pattern_type,pattern_version,primary_motivation,sophistication,spec_version,threat_actor_types,tool_types,type,valid_from,x_capabilities,summary
,2026-01-20T20:16:26.551682Z,,Seqrite Labs is the publisher of this threat intelligence report. STIXed by TI Mindmap HUB.,,,identity--5df7e8d9-d5c2-392a-f67d-511811817c4a,organization,,,,,2026-01-20T20:16:26.551682Z,Seqrite Labs,,,,,,2.1,,,identity,,,"The object contains a threat intelligence report published by Seqrite Labs. The publisher is STIXed by TI Mindmap HUB, indicating that the report has been standardized using a specific framework. Unfortunately, no further information about the report's content or purpose can be extracted from the provided data, as several fields are marked as null (nan), which suggests they may not contain relevant details."
,2026-01-20T20:16:26.551682Z,,TI Mindmap HUB is an AI-powered threat intelligence platform that generates STIX bundles from OSINT sources.,,,identity--fbd192cb-0ab2-33e3-92cc-c2456bf8d439,organization,,,,,2026-01-20T20:16:26.551682Z,TI Mindmap HUB,,,,,,2.1,,,identity,,,"The object contains information about a threat intelligence platform called TI Mindmap HUB. This AI-powered platform generates STIX bundles from open-source intelligence (OSINT) sources, indicating its purpose is to analyze and provide insights on potential threats. The description provided by the platform details its functionality and capabilities in generating threat intelligence.

Unfortunately, some specific details are missing or not available about this platform, including aliases, external references, goals, indicator types, is_family, kill chain phases, malware types, pattern, pattern type, pattern version, primary motivation, sophistication, threat actor types, tool types, valid from, and x_capabilities. These fields suggest that further information could be provided to better understand the capabilities and scope of TI Mindmap HUB.

Despite these limitations, the available details indicate that TI Mindmap HUB is an organization-based identity type, as specified by its identity_class field."
,2026-01-20T20:16:28.203043Z,identity--5df7e8d9-d5c2-392a-f67d-511811817c4a,"Indicator of Compromise: ipv4 - 181.231.253.69
Confidence: high
Notes: Default fallback Command-and-Control server used by the Rust-based RAT for persistent remote access and modular post-exploitation commands.",,,indicator--43f5a90b-819d-4698-af82-b6bad8727666,,"[""malicious-activity""]",,,,2026-01-20T20:16:28.203043Z,IPV4: 181.231.253.69,[ipv4-addr:value = '181.231.253.69'],stix,2.1,,,2.1,,,indicator,2026-01-20T20:16:28.203043Z,,"The object contains a specific indicator of compromise, identified by the IP address 181.231.253.69. This indicator is associated with a malicious activity type, indicating that it has been used or seen in relation to some form of harmful behavior. The confidence level for this indicator is high, suggesting that it is considered to be a reliable source of information.

The indicator is described as being used by a Rust-based Remote Access Trojan (RAT) for persistent remote access and modular post-exploitation commands. It serves as a default fallback Command-and-Control server. No external references are available for this indicator, and its goals, family classification, kill chain phases, malware types, sophistication level, primary motivation, and tool types have not been specified.

The object also contains some pattern-based metadata, such as the pattern ""[ipv4-addr:value = '181.231.253.69']"" in STIX format version 2.1 with a pattern type of ""stix"". However, no further information is available regarding this pattern or its usage."
,2026-01-20T20:16:28.203412Z,identity--5df7e8d9-d5c2-392a-f67d-511811817c4a,"Indicator of Compromise: md5 - dc802b8c117a48520a01c98c6c9587b5
Confidence: high
Notes: MD5 hash of the weaponized Windows shortcut (.LNK) file used to initiate the infection chain and execute the BAT loader script via PowerShell.",,,indicator--c0306935-c395-45d2-b67f-32f3321fdeaa,,"[""malicious-activity""]",,,,2026-01-20T20:16:28.203412Z,MD5: dc802b8c117a48520a01c98c6c9587b5,[file:hashes.'MD5' = 'dc802b8c117a48520a01c98c6c9587b5'],stix,2.1,,,2.1,,,indicator,2026-01-20T20:16:28.203412Z,,"The object contains information about an Indicator of Compromise, specifically a MD5 hash of a weaponized Windows shortcut (.LNK) file used to initiate the infection chain and execute a BAT loader script via PowerShell. The confidence level in this indicator is high. The notes accompanying this indicator provide context on how it was identified and highlight its significance in the infection process.

The malware associated with this indicator is categorized as malicious activity, and there are no family relationships mentioned. There is no indication of specific kill chain phases or malware types linked to this indicator.

This object also includes a pattern definition for the MD5 hash 'dc802b8c117a48520a01c98c6c9587b5', which can be used to identify similar threats. The pattern type and version are specified as STIX, with a version number of 2.1.

No primary motivation or sophistication level is provided for this indicator. Similarly, there is no information available on the threat actors associated with this object, nor are any tools or techniques mentioned."
,2026-01-20T20:16:28.205205Z,identity--5df7e8d9-d5c2-392a-f67d-511811817c4a,"Indicator of Compromise: md5 - 45f2a677b3bf994a8f771e611bb29f4f
Confidence: high
Notes: MD5 hash of the ZIP archive delivered via spear-phishing email, containing the LNK file, BAT loader, and judicial-themed PDF decoy.",,,indicator--09e6fd72-b453-4498-97f1-b2049b5a2834,,"[""malicious-activity""]",,,,2026-01-20T20:16:28.205205Z,MD5: 45f2a677b3bf994a8f771e611bb29f4f,[file:hashes.'MD5' = '45f2a677b3bf994a8f771e611bb29f4f'],stix,2.1,,,2.1,,,indicator,2026-01-20T20:16:28.205205Z,,"The object contains a detailed description of an Indicator of Compromise, which is identified by its MD5 hash value of 45f2a677b3bf994a8f771e611bb29f4f. The confidence level associated with this indicator is high, indicating that it is considered to be a significant threat. 

A spear-phishing email delivered a ZIP archive containing an LNK file, a BAT loader, and a judicial-themed PDF decoy as part of the malicious activity. This decoy was used to mislead the recipient. The MD5 hash of this ZIP archive serves as a fingerprint for the indicator.

This indicator falls under two categories: malicious-activity and is classified as an indicator type within these parameters. It does not appear to be related to any known family or group, nor is it associated with specific kill chain phases, malware types, primary motivations, sophistication levels, or tool types.

A pattern has been identified for this indicator, which involves a file hash matching the specified MD5 value. This pattern is based on the STIX framework and has been standardized across different versions at 2.1 specifications."
,2026-01-20T20:16:28.205505Z,identity--5df7e8d9-d5c2-392a-f67d-511811817c4a,"Indicator of Compromise: md5 - 02f85c386f67fac09629ebe5684f7fa0
Confidence: high
Notes: MD5 hash of the BAT file responsible for downloading and executing the second-stage RAT payload from a remote source.",,,indicator--ecc88de6-a540-4eb8-a7d5-69f342daf62a,,"[""malicious-activity""]",,,,2026-01-20T20:16:28.205505Z,MD5: 02f85c386f67fac09629ebe5684f7fa0,[file:hashes.'MD5' = '02f85c386f67fac09629ebe5684f7fa0'],stix,2.1,,,2.1,,,indicator,2026-01-20T20:16:28.205505Z,,"The object contains a wealth of information about an indicator of compromise, specifically related to malware. The description provides context on the malicious activity, detailing that it is an MD5 hash representing the BAT file responsible for downloading and executing a second-stage RAT payload from a remote source. Additionally, the confidence level is indicated as high.

The external references field is empty in this instance, while notes offer further insight into the hash being MD5 of the mentioned BAT file. However, these details do not provide explicit evidence or explanations regarding the malicious activity's nature.

The pattern for identifying this indicator includes a specific file hash that is used to match against hashes from known sources. This process helps identify potential malware by comparing hashes from known sources with those reported as malicious.

Furthermore, the type of the object is classified as an 'indicator' and falls under the category of 'malicious-activity'. Unfortunately, there is no explicit information on how this malware affects the system or the specific threat actor types associated with it."
,2026-01-20T20:16:28.205883Z,identity--5df7e8d9-d5c2-392a-f67d-511811817c4a,"Indicator of Compromise: md5 - 976b6fce10456f0be6409ff724d7933b
Confidence: high
Notes: MD5 hash of msedge_proxy.exe, the Rust-based Remote Access Trojan deployed for persistent access, anti-analysis, and C2 communication.",,,indicator--a743ecc9-8fd4-4f8c-968a-3cf7143af9ea,,"[""malicious-activity""]",,,,2026-01-20T20:16:28.205883Z,MD5: 976b6fce10456f0be6409ff724d7933b,[file:hashes.'MD5' = '976b6fce10456f0be6409ff724d7933b'],stix,2.1,,,2.1,,,indicator,2026-01-20T20:16:28.205883Z,,"The object contains information about a specific type of malicious activity, specifically an indicator of compromise related to malware. The MD5 hash value, which is 976b6fce10456f0be6409ff724d7933b, was identified as the md5 hash of msedge_proxy.exe, a Rust-based Remote Access Trojan designed for persistent access, anti-analysis, and C2 communication.

This indicator has been classified as malicious-activity, indicating that it is related to a specific type of cyber threat. The confidence level associated with this indicator is high, suggesting that it is considered a credible threat.

The purpose of the pattern defined in this indicator is to identify the MD5 hash value of msedge_proxy.exe and verify if it matches the provided hash. This can be useful for detecting malware related to this specific type of Trojan horse attack.

Overall, this object provides information about a malicious activity that has been identified as a potential threat, along with details about its characteristics and behavior."
,2026-01-20T20:16:28.206278Z,identity--5df7e8d9-d5c2-392a-f67d-511811817c4a,"Indicator of Compromise: md5 - 233a9dbcfe4ae348c0c7f4c2defd1ea5
Confidence: high
Notes: MD5 hash of the PDF decoy document used for social engineering and to disguise the malicious payload delivery.",,,indicator--1eb51310-fd63-41ce-9837-453025b2c24e,,"[""malicious-activity""]",,,,2026-01-20T20:16:28.206278Z,MD5: 233a9dbcfe4ae348c0c7f4c2defd1ea5,[file:hashes.'MD5' = '233a9dbcfe4ae348c0c7f4c2defd1ea5'],stix,2.1,,,2.1,,,indicator,2026-01-20T20:16:28.206278Z,,"The object contains information about an Indicator of Compromise (IoC), which is a malicious activity related to malware delivery. The IoC has a high confidence level, indicating that it is likely to be associated with malicious behavior. The indicator is identified by its MD5 hash, 233a9dbcfe4ae348c0c7f4c2defd1ea5, and is classified as ""malicious-activity"". This indicates that the IoC is related to a specific type of malicious activity.

The IoC is associated with a PDF decoy document that was used for social engineering purposes. The notes provided indicate that the purpose of using this PDF decoy was to disguise the delivery of the malicious payload. This suggests that the attacker attempted to make it difficult for the victim to detect the malicious activity.

No external references or family information are available, and there is no additional context about the specific goals, sophistication, or threat actors involved in this IoC. However, the IoC has a clear pattern associated with it, which includes a file hash pattern that matches the MD5 hash of 233a9dbcfe4ae348c0c7f4c2defd1ea5.

Overall, the object provides valuable information about an Indicator of Compromise related to malware delivery and social engineering."
,2026-01-20T20:16:28.210866Z,identity--5df7e8d9-d5c2-392a-f67d-511811817c4a,"Indicator of Compromise: windows-registry-key - HKCU\Software\Microsoft\Windows\CurrentVersion\Run
Confidence: medium
Notes: Registry key abused by the RAT for persistence via Run key values with randomized legitimate-looking names.",,,indicator--0e1a0bc3-acd9-4478-a67e-decdbcb45207,,"[""malicious-activity""]",,,,2026-01-20T20:16:28.210866Z,WINDOWS-REGISTRY-KEY: HKCU\Software\Microsoft\Windows\CurrentVersion\Run,[windows-registry-key:key = 'HKCU\\Software\\Microsoft\\Windows\\CurrentVersion\\Run'],stix,2.1,,,2.1,,,indicator,2026-01-20T20:16:28.210866Z,,"The object contains information about a specific type of indicator, specifically a Windows registry key, which is described as an Indicator of Compromise. The registry key in question is located at HKCU\Software\Microsoft\Windows\CurrentVersion\Run and has been identified by the system as having malicious activity associated with it.

According to the description provided, this registry key has been used by a Rootkit (RAT) for persistence on the system via Run key values. The names of these values are randomized and appear legitimate, but they serve a malicious purpose. This behavior indicates that the system has detected suspicious activity related to the registry key.

The indicator type associated with this object is classified as ""malicious-activity"". The pattern of the registry key matches the STIX pattern format and version 2.1. 

Overall, the object provides details about a Windows registry key that appears to be a potential source of malicious activity on the system."
,2026-01-20T20:16:28.212022Z,identity--5df7e8d9-d5c2-392a-f67d-511811817c4a,"Indicator of Compromise: windows-registry-key - HKLM\SOFTWARE\VMware, Inc.\VMware Tools
Confidence: medium
Notes: Registry key checked by the RAT to detect VMware virtual environments and evade analysis.",,,indicator--b7d90829-e1d3-415a-9bbb-01c386c127b9,,"[""malicious-activity""]",,,,2026-01-20T20:16:28.212022Z,"WINDOWS-REGISTRY-KEY: HKLM\SOFTWARE\VMware, Inc.\VMware Tools","[windows-registry-key:key = 'HKLM\\SOFTWARE\\VMware, Inc.\\VMware Tools']",stix,2.1,,,2.1,,,indicator,2026-01-20T20:16:28.212022Z,,"The object contains information about a malware indicator, specifically a Windows registry key check by a Remote Access Trojan (RAT) to detect VMware virtual environments and evade analysis. The indicator is categorized under the ""malicious-activity"" type, which suggests that it is related to malicious behavior. A description of the indicator notes that it checks for a specific registry key in the HKLM\SOFTWARE\VMware, Inc.\VMware Tools location.

The confidence level associated with this indicator is medium, indicating that while there is some evidence supporting its presence, further analysis may be necessary to confirm its validity. Notes on the indicator highlight its purpose as evasive measure by the RAT, allowing it to detect and analyze VMware virtual environments without being detected itself.

Unfortunately, no external references or additional information about the indicator's goals, family, kill chain phases, malware types, primary motivation, sophistication, threat actors, tool types, or spec version are available. However, the pattern of this indicator is described using STIX format, with a specific key-value pair pattern indicating the presence of a Windows registry key at HKLM\SOFTWARE\VMware, Inc.\VMware Tools."
,2026-01-20T20:16:28.213123Z,identity--5df7e8d9-d5c2-392a-f67d-511811817c4a,"Indicator of Compromise: windows-registry-key - HKLM\SYSTEM\ControlSet001\Services\vmmouse
Confidence: medium
Notes: Registry key checked by the RAT to detect VMware mouse service as part of anti-analysis routines.",,,indicator--585ce6c1-9e0a-440b-b429-70fc76f7ff36,,"[""malicious-activity""]",,,,2026-01-20T20:16:28.213123Z,WINDOWS-REGISTRY-KEY: HKLM\SYSTEM\ControlSet001\Services\vmmouse,[windows-registry-key:key = 'HKLM\\SYSTEM\\ControlSet001\\Services\\vmmouse'],stix,2.1,,,2.1,,,indicator,2026-01-20T20:16:28.213123Z,,"The object contains a description of an Indicator of Compromise related to Windows Registry keys, specifically detailing a malicious activity detected by a Remote Access Trojan (RAT) as part of its anti-analysis routines. The indicator targets the VMware mouse service located at HKLM\SYSTEM\ControlSet001\Services\vmmouse. The confidence level associated with this threat is medium, suggesting that it is considered somewhat suspicious but not extremely high-risk.

The object also provides a pattern for matching this specific Windows Registry key, which includes the path ""HKLM\\\\SYSTEM\\\\ControlSet001\\\\Services\\\\vmmouse"". This pattern follows the STIX standard and has been validated to version 2.1.

It's worth noting that this indicator is classified as malicious activity, indicating that it is considered a potential threat to system security. However, further analysis may be required to determine its true impact or significance."
,2026-01-20T20:16:28.214118Z,identity--5df7e8d9-d5c2-392a-f67d-511811817c4a,"Indicator of Compromise: windows-registry-key - HKLM\SYSTEM\ControlSet001\Services\vmhgfs
Confidence: medium
Notes: Registry key checked by the RAT to detect VMware HGFS service for virtualization/sandbox evasion.",,,indicator--a6830aa9-ca4b-4e2e-b36f-56f9424ae843,,"[""malicious-activity""]",,,,2026-01-20T20:16:28.214118Z,WINDOWS-REGISTRY-KEY: HKLM\SYSTEM\ControlSet001\Services\vmhgfs,[windows-registry-key:key = 'HKLM\\SYSTEM\\ControlSet001\\Services\\vmhgfs'],stix,2.1,,,2.1,,,indicator,2026-01-20T20:16:28.214118Z,,"The object contains a detailed description of an indicator, which is classified as malicious activity related to Windows registry keys. The specific registry key being referred to is located at HKLM\SYSTEM\ControlSet001\Services\vmhgfs and is used by the RAT (Remote Access Trojan) to detect VMware HGFS service for virtualization/sandbox evasion purposes.

The confidence level associated with this indicator is medium, indicating a moderate level of certainty regarding its maliciousness. The notes provided suggest that this registry key was checked as part of an investigation into potential malicious activity.

This indicator is related to the detection and analysis of Windows-based malware and has been assigned a specific type of pattern classification known as STIX (Structured Threat Information Expression)."
,2026-01-20T20:16:28.214413Z,identity--5df7e8d9-d5c2-392a-f67d-511811817c4a,"Indicator of Compromise: windows-registry-key - HKLM\SOFTWARE\Oracle\VirtualBox Guest Additions
Confidence: medium
Notes: Registry key checked by the RAT to detect VirtualBox guest additions for anti-analysis and sandbox evasion.",,,indicator--ced2df7b-0277-4145-834c-cca52ddb408f,,"[""malicious-activity""]",,,,2026-01-20T20:16:28.214413Z,WINDOWS-REGISTRY-KEY: HKLM\SOFTWARE\Oracle\VirtualBox Guest Additions,[windows-registry-key:key = 'HKLM\\SOFTWARE\\Oracle\\VirtualBox Guest Additions'],stix,2.1,,,2.1,,,indicator,2026-01-20T20:16:28.214413Z,,"The object contains an indicator of a potential security threat related to malicious activity, specifically targeting Windows Registry Keys associated with Oracle VirtualBox Guest Additions. This indicator is classified as medium-confidence based on its detection capabilities and notes that it was checked by the RAT (Remote Access Trojan) to identify and prevent anti-analysis and sandbox evasion techniques."
,2026-01-20T20:16:28.221189Z,identity--5df7e8d9-d5c2-392a-f67d-511811817c4a,"Indicator of Compromise: windows-registry-key - HKCU\Software\Wine
Confidence: medium
Notes: Registry key checked by the RAT to detect Wine emulation environment for defense evasion.",,,indicator--af055e5b-3262-4fd4-ba50-184ed1f3a38a,,"[""malicious-activity""]",,,,2026-01-20T20:16:28.221189Z,WINDOWS-REGISTRY-KEY: HKCU\Software\Wine,[windows-registry-key:key = 'HKCU\\Software\\Wine'],stix,2.1,,,2.1,,,indicator,2026-01-20T20:16:28.221189Z,,"The object contains information about a type of malicious indicator related to Windows registry keys, specifically focusing on the detection of Wine emulation environments by a Rat (Remote Access Trojan). The indicator is identified as ""WINDOWS-REGISTRY-KEY: HKCU\\Software\\Wine"" and is classified under the category ""malicious-activity."" It was created with a medium level of confidence, suggesting that there is some evidence supporting its presence. The notes accompanying this indicator indicate that it is related to defense evasion tactics employed by the RAT to detect the Wine emulation environment.

The pattern associated with this indicator matches a specific format involving registry keys, indicating how it would be used in a malicious context. It follows the STIX (Standardized Threat Intelligence Expression) standard version 2.1 and has been categorized as such, which provides a structured approach to representing threat intelligence data.

Unfortunately, there is no available information on whether this indicator belongs to a specific family of threats or if it shares characteristics with other indicators classified under similar categories. The sophistication level associated with this indicator is unknown, which might impact its relevance in certain contexts.

This particular malicious indicator falls under the category ""indicator,"" but further details on its usage and implications within an adversary's tactics, techniques, and procedures (TTPs) are not available."
,2026-01-20T20:16:52.220888Z,identity--5df7e8d9-d5c2-392a-f67d-511811817c4a,"The attackers deliver spear-phishing emails specifically crafted to target Argentina’s judicial sector. These emails contain a ZIP archive that includes a malicious LNK shortcut file, a BAT loader script, and a highly authentic-looking judicial PDF decoy document. The decoy references real Argentine federal court rulings, uses sector-specific terminology, and mimics official formatting, greatly increasing credibility and likelihood of user interaction. The decoy is designed to exploit trust in judicial communications and routine legal workflows, ensuring that recipients are more likely to open the archive and execute the embedded malware. This technique demonstrates deliberate, sector-specific targeting and leverages social engineering to achieve stealthy initial access.","[{""source_name"": ""mitre-attack"", ""url"": ""https://attack.mitre.org/techniques/T1566/001/"", ""external_id"": ""T1566.001""}]",,attack-pattern--50969ca5-1ce0-f880-e51e-b05982ca72e6,,,,"[{""kill_chain_name"": ""mitre-attack"", ""phase_name"": ""initial-access""}]",,2026-01-20T20:16:52.220888Z,Spearphishing Attachment with Judicial-themed Decoy,,,,,,2.1,,,attack-pattern,,,"The object contains a spearphishing attack specifically designed to target Argentina's judicial sector. The attackers deliver emails crafted to exploit trust in judicial communications, utilizing sector-specific terminology and official formatting to create highly authentic-looking documents. These decoy documents, which include a malicious LNK shortcut file, a BAT loader script, and a judicial PDF document, are intended to deceive recipients into opening the archive and executing the embedded malware. The attack leverages social engineering techniques to achieve stealthy initial access, demonstrating deliberate targeting of the sector.

The use of this technique is documented in the Mitre Attack 001, which outlines the specific method for creating decoys that reference real federal court rulings and mimic official formatting. This deception increases the likelihood of user interaction, making it more probable that recipients will open the archive and execute the malware. The attack pattern, ""Spearphishing Attachment with Judicial-themed Decoy"", utilizes social engineering to gain initial access and is designed to exploit trust in judicial communications.

This attack demonstrates a sophisticated level of targeting and deception, as it leverages sector-specific terminology and official formatting to create highly convincing decoy documents. The use of this technique suggests that the attackers are familiar with the target sector's workflows and communication protocols, making it more likely that they can successfully deceive recipients into opening the archive."
,2026-01-20T20:16:52.221010Z,identity--5df7e8d9-d5c2-392a-f67d-511811817c4a,"The infection chain begins with a weaponized Windows shortcut (.LNK) file that is disguised as a PDF document, complete with a PDF icon and a filename resembling a legitimate judicial document. When the victim interacts with the LNK file, it stealthily launches PowerShell from the system directory, bypassing execution policy and running in hidden mode. This allows the malware to execute without visible windows or alerts, minimizing user suspicion. The masquerading technique is critical for deceiving users into executing the payload, as the shortcut appears to be a routine legal document relevant to their work.","[{""source_name"": ""mitre-attack"", ""url"": ""https://attack.mitre.org/techniques/T1036/004/"", ""external_id"": ""T1036.004""}]",,attack-pattern--c5c38290-e0c8-9aa2-bbf8-f4e81d29988e,,,,"[{""kill_chain_name"": ""mitre-attack"", ""phase_name"": ""defense-evasion""}]",,2026-01-20T20:16:52.221010Z,Malicious LNK File Masquerading as PDF,,,,,,2.1,,,attack-pattern,,,"The object contains a description of an attack pattern where the malware begins with a weaponized Windows shortcut (.LNK) file disguised as a PDF document. This deception technique is critical for deceiving users into executing the payload, as the shortcut appears to be a routine legal document relevant to their work.

When the victim interacts with the LNK file, it stealthily launches PowerShell from the system directory, bypassing execution policy and running in hidden mode. This allows the malware to execute without visible windows or alerts, minimizing user suspicion.

The masquerading technique used by this attack pattern is designed to deceive users into executing the payload, as the shortcut appears to be a legitimate PDF document relevant to their work. The use of PowerShell in hidden mode further complicates the detection and analysis of this attack pattern.

The attack pattern is classified under the MITRE-ATTACK framework, with a technique ID of T1036.004, which indicates that it falls under the category of defense evasion tactics."
,2026-01-20T20:16:52.221069Z,identity--5df7e8d9-d5c2-392a-f67d-511811817c4a,"Upon activation of the LNK file, PowerShell is executed with parameters that bypass the default execution policy and run in hidden mode. This enables the subsequent batch script to be executed without any visible command prompt or warning to the user. The use of '-ep bypass' and '-w hidden' ensures that security controls are circumvented and the execution remains stealthy, reducing the chances of detection by both the user and endpoint security solutions. This technique is used to download and execute further payloads from remote sources.","[{""source_name"": ""mitre-attack"", ""url"": ""https://attack.mitre.org/techniques/T1059/001/"", ""external_id"": ""T1059.001""}]",,attack-pattern--b1397215-1f4e-29f7-4790-bac6266668b8,,,,"[{""kill_chain_name"": ""mitre-attack"", ""phase_name"": ""execution""}]",,2026-01-20T20:16:52.221069Z,PowerShell Execution with Policy Bypass and Hidden Window,,,,,,2.1,,,attack-pattern,,,"The object contains information about an attack pattern related to the use of PowerShell to bypass security controls. Upon activation of a LNK file, PowerShell is executed in hidden mode, allowing subsequent batch scripts to be executed without any visible command prompt or warning to the user. This technique enables stealthy execution, reducing the chances of detection by both users and endpoint security solutions.

The attack pattern leverages parameters such as '-ep bypass' and '-w hidden', which bypass the default execution policy and hide the command prompt, respectively. This circumvents security controls, allowing further payloads to be downloaded and executed from remote sources.

The technique is documented in MITRE ATT&CK, where it corresponds to T1059/001. The attack pattern is classified under the ""mitre-attack"" kill chain phase named ""execution"". There is no specified malware or tool type associated with this attack pattern.

It appears that the primary motivation behind this attack pattern is not explicitly stated, but its use enables stealthy and covert execution of malicious payloads. The sophistication level of this attack pattern is also unclear, but it is evident that it leverages advanced techniques to evade detection."
,2026-01-20T20:16:52.221158Z,identity--5df7e8d9-d5c2-392a-f67d-511811817c4a,"The BAT-based loader script is responsible for establishing a connection to a GitHub-hosted URL and downloading the second-stage payload, which is a Rust-based Remote Access Trojan (RAT). The script uses PowerShell to create a WebClient object and assigns a legitimate-looking User-Agent string to blend in with normal browser traffic. The downloaded payload is saved as 'msedge_proxy.exe' within the Microsoft Edge user data directory, leveraging a trusted filename and location to appear legitimate. The script then executes the binary using Start-Process, facilitating stealthy deployment of the RAT.",,,attack-pattern--9630fda4-5a54-fa2a-9404-83d33f40674c,,,,"[{""kill_chain_name"": ""mitre-attack"", ""phase_name"": ""execution""}]",,2026-01-20T20:16:52.221158Z,Batch Script Loader Downloading Payload from GitHub,,,,,,2.1,,,attack-pattern,,,"The object contains information about a malicious attack pattern known as 'Batch Script Loader Downloading Payload from GitHub'. This attack pattern involves the use of a BAT-based loader script that establishes a connection to a GitHub-hosted URL and downloads a second-stage payload, which is a Rust-based Remote Access Trojan (RAT). The script uses PowerShell to create a WebClient object and assigns a legitimate-looking User-Agent string to blend in with normal browser traffic.

The downloaded payload is saved as 'msedge_proxy.exe' within the Microsoft Edge user data directory, leveraging a trusted filename and location to appear legitimate. The script then executes the binary using Start-Process, facilitating stealthy deployment of the RAT. This attack pattern appears to be designed for stealthy deployment of malware, making it difficult to detect.

The attack pattern is associated with the following goals, but no specific information is available in this data set. It also mentions certain kill chain phases, which indicate that this attack pattern may involve various stages of a typical cyberattack. However, no detailed information is provided about these phases or how they relate to each other.

Overall, this object contains general information about an attack pattern known as 'Batch Script Loader Downloading Payload from GitHub', which is used to download and execute a Remote Access Trojan (RAT) payload."
,2026-01-20T20:16:52.221206Z,identity--5df7e8d9-d5c2-392a-f67d-511811817c4a,"After downloading the second-stage payload, the malware saves it as 'msedge_proxy.exe' within the Microsoft Edge user data directory. This location and filename are chosen to mimic legitimate browser components, making the malicious executable less likely to be noticed or flagged by users or security software. By blending in with trusted application directories and filenames, the attackers effectively evade basic file-based detection and increase the persistence of their malware within the target environment.","[{""source_name"": ""mitre-attack"", ""url"": ""https://attack.mitre.org/techniques/T1036/005/"", ""external_id"": ""T1036.005""}]",,attack-pattern--20002fd8-2871-44e1-9c1f-0ac411650d0e,,,,"[{""kill_chain_name"": ""mitre-attack"", ""phase_name"": ""defense-evasion""}]",,2026-01-20T20:16:52.221206Z,Masquerading Payload as Legitimate Edge Proxy Executable,,,,,,2.1,,,attack-pattern,,,"The object contains information about a malware attack pattern known as ""Masquerading Payload as Legitimate Edge Proxy Executable"". This type of attack involves saving the second-stage payload within the Microsoft Edge user data directory, specifically as 'msedge_proxy.exe', in order to blend in with legitimate browser components. The attackers' goal is to evade basic file-based detection and increase the persistence of their malware within the target environment by mimicking trusted application directories and filenames.

The attack pattern is linked to a technique identified as T1036/005 by MITRE-Attack, which involves using a malicious executable to disguise itself as a legitimate browser component. This allows the attackers to evade security software and maintain control over the infected system for an extended period.

The primary motivation behind this attack pattern appears to be evading detection rather than financial gain or espionage, as there is no mention of any external references or motivations tied to specific threat actors. The sophistication level associated with this attack pattern is unknown, but it is clear that attackers have developed a clever method to disguise their malware as legitimate software.

The Malware Types field has not been populated, and the kill chain phase linked to this attack pattern is only ""defense-evasion"". This suggests that the primary goal of this attack pattern is to avoid detection by security measures rather than achieving specific financial or espionage goals."
,2026-01-20T20:16:52.221284Z,identity--5df7e8d9-d5c2-392a-f67d-511811817c4a,"The Rust-based RAT exhibits advanced anti-analysis behavior by spawning multiple command-line processes to query specific Windows registry keys. It checks for artifacts related to popular virtualization and sandbox platforms, including VMware, VirtualBox, and Hyper-V, by querying registry paths associated with their tools and services. This allows the malware to determine if it is running inside a virtualized or analysis environment, and potentially alter its behavior or terminate execution to avoid detection and analysis by security researchers.",,,attack-pattern--a086c489-0aa0-5e82-060e-c3e3ec7d5de8,,,,"[{""kill_chain_name"": ""mitre-attack"", ""phase_name"": ""defense-evasion""}]",,2026-01-20T20:16:52.221284Z,Environment and Virtualization Detection via Registry Queries,,,,,,2.1,,,attack-pattern,,,"The object contains a detailed description of an attack pattern identified by the name ""Environment and Virtualization Detection via Registry Queries."" This attack pattern is characterized by advanced anti-analysis behavior, where a Rust-based Rootkit Adversary Tool (RAT) spawns multiple command-line processes to query specific Windows registry keys. The goal of this behavior is to determine if it is running inside a virtualized or analysis environment, allowing the malware to potentially alter its behavior or terminate execution to avoid detection and analysis by security researchers.

To achieve this, the RAT checks for artifacts related to popular virtualization and sandbox platforms, including VMware, VirtualBox, and Hyper-V, by querying registry paths associated with their tools and services. This enables the malware to determine if it is running in a controlled environment, such as a sandboxed system or a virtual machine, which could compromise its operation.

The attack pattern falls under the category of defense-evasion tactics, specifically within the Mitre ATT&CK framework. The presence of this attack pattern suggests that the attacker is attempting to evade detection and analysis by security researchers, potentially by exploiting vulnerabilities in the operating system or application layer.

It's worth noting that the provided data does not contain information on the specific malware types, threat actors, tool types, sophistication levels, primary motivations, or any other relevant details. However, this attack pattern remains a critical component of the broader threat landscape, highlighting the importance of monitoring and analyzing registry queries for potential security risks."
,2026-01-20T20:16:52.221328Z,identity--5df7e8d9-d5c2-392a-f67d-511811817c4a,"To maintain long-term access and persistence on compromised systems, the malware creates scheduled tasks using the Windows 'schtasks' utility. The tasks are configured with parameters such as /TN (task name), /TR (task run), /DELAY0001:00, and optionally /RL HIGHEST to ensure elevated privileges. This allows the RAT to execute automatically at specified intervals or system events, ensuring continued operation even after system reboots or user logouts.","[{""source_name"": ""mitre-attack"", ""url"": ""https://attack.mitre.org/techniques/T1053/005/"", ""external_id"": ""T1053.005""}]",,attack-pattern--88dcfda0-30cb-6f83-a147-d80650806f81,,,,"[{""kill_chain_name"": ""mitre-attack"", ""phase_name"": ""persistence""}]",,2026-01-20T20:16:52.221328Z,Scheduled Task Creation for Persistence,,,,,,2.1,,,attack-pattern,,,"The object contains information about a specific attack pattern related to malware persistence. The attack pattern involves the creation of scheduled tasks using the Windows 'schtasks' utility, allowing the malware to execute automatically at specified intervals or system events. This ensures continued operation even after system reboots or user logouts.

The tasks created by the malware are configured with parameters such as /TN (task name), /TR (task run), /DELAY0001:00, and optionally /RL HIGHEST to ensure elevated privileges. The use of these parameters enables the RAT (Remote Access Trojan) to execute automatically at specified intervals or system events.

The attack pattern is associated with a specific technique number (T1053.005) from the MITRE-Attack framework, indicating its relevance to persistent malware operations. Furthermore, it falls under the phase of ""persistence"" in the kill chain.

There is no information available on the goals, indicators, family classification, sophistication level, or tool types associated with this attack pattern. However, it is classified as an attack pattern rather than a malware type, suggesting that it describes a broader category of malicious activities rather than a specific piece of malware itself."
,2026-01-20T20:16:52.221386Z,identity--5df7e8d9-d5c2-392a-f67d-511811817c4a,"The malware employs obfuscation techniques for its command and control (C2) communications, encoding commands and data in base64 format. This obfuscation is designed to evade network-based detection mechanisms and hinder analysis by security tools. Before execution, the malware decodes the base64-encoded commands, allowing it to interact with its C2 infrastructure in a manner that is less likely to be flagged by intrusion detection systems or network monitoring solutions.","[{""source_name"": ""mitre-attack"", ""url"": ""https://attack.mitre.org/techniques/T1027/"", ""external_id"": ""T1027""}]",,attack-pattern--29fd0255-a3bd-96ba-5d8d-6e485f1232e2,,,,"[{""kill_chain_name"": ""mitre-attack"", ""phase_name"": ""defense-evasion""}]",,2026-01-20T20:16:52.221386Z,Obfuscated Command and Control Communications,,,,,,2.1,,,attack-pattern,,,"The object contains information about a specific type of malware attack pattern known as ""Obfuscated Command and Control Communications."" This attack pattern employs obfuscation techniques to evade network-based detection mechanisms and hinder analysis by security tools. The malware encodes commands and data in base64 format, which is then decoded before execution to allow the malware to interact with its command and control (C2) infrastructure in a manner that is less likely to be flagged by intrusion detection systems or network monitoring solutions.

The attack pattern is associated with a specific threat actor type, as indicated by an external reference to Mitre-Attack technique T1027. This reference provides additional context about the attack pattern and its relationship to other threat actors and tactics.

The primary motivation behind this attack pattern appears to be evasion of detection and analysis by security tools, rather than any malicious intent to cause harm. The sophistication level of this attack pattern is unknown, but it is clear that it is a sophisticated tactic used by malware authors to evade detection.

Overall, the ""Obfuscated Command and Control Communications"" attack pattern is an example of a stealthy and evasive malware technique that can make it difficult for security systems to detect and analyze malicious activity."
,2026-01-20T20:16:52.221441Z,identity--5df7e8d9-d5c2-392a-f67d-511811817c4a,"To execute received instructions, the RAT decodes base64-encoded commands obtained from its command and control server. This deobfuscation step is necessary for the malware to interpret and act on the attacker’s directives, and also serves as an additional layer of defense evasion by making static analysis and detection more difficult. The technique demonstrates the malware’s capability to process obfuscated data and maintain covert communications with its operators.","[{""source_name"": ""mitre-attack"", ""url"": ""https://attack.mitre.org/techniques/T1140/"", ""external_id"": ""T1140""}]",,attack-pattern--336bc9d6-a078-fb3e-f571-ab3c7584ec1f,,,,"[{""kill_chain_name"": ""mitre-attack"", ""phase_name"": ""defense-evasion""}]",,2026-01-20T20:16:52.221441Z,Deobfuscation of C2 Commands Prior to Execution,,,,,,2.1,,,attack-pattern,,,"The object contains a description of an attack pattern related to the deobfuscation of command and control (C2) commands prior to execution. This technique is necessary for malware, specifically a Remote Access Trojan (RAT), to interpret and act on attacker's directives, while also serving as an additional layer of defense evasion by making static analysis and detection more difficult. The approach demonstrates the malware's capability to process obfuscated data and maintain covert communications with its operators.

The attack pattern is categorized under the MITRE-Attack framework, specifically technique T1140, which describes using legitimate tools to carry out malicious operations without arousing suspicion. This technique also serves as an indicator of the sophistication of the malware, making it more challenging for defenders to detect and analyze.

The primary motivation behind this technique appears to be evasion of detection, allowing the malware to operate undetected while still achieving its intended goals. The attack pattern can be used by attackers to make their malicious activities appear legitimate and increase the chances of successful exploitation.

Overall, the deobfuscation of C2 commands prior to execution is a critical component of modern malware tactics, enabling attackers to maintain operational security and evade detection by defenders."
"[""Rust-based Remote Access Trojan""]",2026-01-20T20:16:55.446473Z,identity--5df7e8d9-d5c2-392a-f67d-511811817c4a,"The campaign delivers a Rust-based Remote Access Trojan (RAT), referred to as 'Covert RAT', through a multi-stage spear-phishing attack targeting Argentina's judicial sector. The RAT is deployed via a weaponized LNK file and BAT script, enabling stealthy remote access and persistence on victim systems.",,,malware--9a397603-b70a-a185-c1e9-d252b6cc7ad9,,,True,,"[""remote-access-trojan"", ""trojan""]",2026-01-20T20:16:55.446473Z,Covert RAT,,,,,,2.1,,,malware,,"[""remote-access"", ""persistence"", ""anti-analysis"", ""command-and-control""]","The object contains a malicious software known as Covert RAT, which is a Rust-based Remote Access Trojan. It was deployed through a multi-stage spear-phishing attack targeting Argentina's judicial sector, aiming to gain stealthy remote access and persistence on victim systems. The malware is transmitted via a weaponized LNK file and BAT script.

Covert RAT operates by enabling the attackers to remotely access and control compromised systems, allowing them to execute malicious commands and maintain persistent infections. This Trojan has been classified as a remote-access-trojan and trojan malware.

The primary motivation behind Covert RAT appears to be malicious in nature, with no information available regarding its intended goals or motivations beyond providing stealthy remote access and persistence capabilities to attackers."
,2026-01-20T20:16:59.983889Z,identity--5df7e8d9-d5c2-392a-f67d-511811817c4a,"The article describes a sophisticated spear-phishing campaign targeting Argentina’s judicial sector, but does not explicitly attribute the activity to any known threat actor or group. The actor leverages advanced anti-analysis techniques, judicial-themed decoys, and a Rust-based Remote Access Trojan to achieve persistent access.",,"[""Establish persistent access within judicial-sector environments"", ""Exfiltrate sensitive legal and institutional data"", ""Exploit trust in judicial communications""]",threat-actor--ad921d60-4863-6625-8809-553a3db49a4a,,,,,,2026-01-20T20:16:59.983889Z,Unknown,,,,espionage,advanced,2.1,"[""unknown""]",,threat-actor,,,"The object contains information about a sophisticated threat actor that has been detected in an advanced spear-phishing campaign targeting Argentina's judicial sector. This campaign leverages various tactics, including anti-analysis techniques, judicial-themed decoys, and a Rust-based Remote Access Trojan, to achieve persistent access within the targeted environments.

The primary goals of this threat actor are to establish persistent access within judicial-sector environments, exfiltrate sensitive legal and institutional data, and exploit trust in judicial communications. The sophistication level of this threat actor is classified as advanced, indicating that it employs highly sophisticated techniques and tools to evade detection and achieve its objectives.

No specific known threat actor or group has been attributed to this activity, which suggests that the actor may be a new or unknown entity. However, it is worth noting that the campaign's tactics and techniques are reminiscent of other advanced threat actors, suggesting that it may be part of a larger ecosystem of similar threats.

The primary motivation behind this threat actor's activities appears to be espionage, with the goal of obtaining sensitive information related to the judicial sector. The use of judicial-themed decoys and anti-analysis techniques further suggests that the actor is attempting to blend in with the targeted environment and avoid detection.

Overall, this threat actor presents a significant concern for organizations within the judicial sector, highlighting the need for enhanced security measures to protect against advanced spear-phishing campaigns and persistent access threats."
,2026-01-20T20:17:07.779482Z,identity--5df7e8d9-d5c2-392a-f67d-511811817c4a,"PowerShell is used to stealthily execute a batch script from a Windows shortcut (.LNK) file, bypassing execution policy and running in hidden mode to avoid user detection. It is also used to download and execute a payload from a remote GitHub repository, facilitating multi-stage malware delivery.",,,tool--2f2d399f-0ea8-8448-59fe-5514b304733b,,,,"[{""kill_chain_name"": ""mitre-attack"", ""phase_name"": ""execution""}]",,2026-01-20T20:17:07.779482Z,PowerShell,,,,,,2.1,,"[""execution"", ""defense-evasion"", ""remote-access""]",tool,,,"The object contains information about a tool known as PowerShell. It is used to stealthily execute a batch script from a Windows shortcut file, allowing it to bypass execution policy and run in hidden mode, thus avoiding user detection. Additionally, PowerShell is utilized for downloading and executing a payload from a remote GitHub repository, which facilitates multi-stage malware delivery.

The primary motivation behind using PowerShell appears to be defense evasion, as it allows the tool to operate covertly by utilizing its stealthy nature to evade user detection. Furthermore, PowerShell can be used for execution and remote-access purposes, enabling attackers to remotely access systems without being detected.

It is essential to note that the specific motivations and capabilities of PowerShell may vary depending on the context in which it is used. However, in this case, the primary motivation seems to be defense evasion, while also providing execution and remote-access capabilities."
,2026-01-20T20:17:07.779564Z,identity--5df7e8d9-d5c2-392a-f67d-511811817c4a,"A batch file is used as a loader script to automate the downloading and execution of a second-stage payload from GitHub, enabling the attacker to run malicious code without direct user interaction.",,,tool--b10018d2-ec93-f738-f427-b44bc89d659d,,,,"[{""kill_chain_name"": ""mitre-attack"", ""phase_name"": ""execution""}]",,2026-01-20T20:17:07.779564Z,Windows Batch Script (.BAT),,,,,,2.1,,"[""execution"", ""defense-evasion""]",tool,,,"The object contains information about a type of malicious tool known as a Windows Batch Script (.BAT). This script is used to automate the downloading and execution of a second-stage payload from GitHub, allowing an attacker to run malicious code without requiring direct user interaction. The primary goal of this tool is to enable attackers to carry out their nefarious activities with minimal human involvement.

The tool's characteristics include its classification as a defense-evasion technique, indicating that it is designed to evade detection by security systems. Additionally, the script can be used for execution purposes, suggesting that it may be employed in various malicious contexts. The presence of multiple kill chain phases, including ""execution,"" highlights the potential for widespread exploitation.

While specific details about malware types and sophistication levels are not provided, it is clear that this tool has been categorized as a threat based on its functionality. Furthermore, its association with GitHub suggests a level of organization and planning behind the malicious activities it enables. Overall, the object provides valuable insight into the nature and capabilities of Windows Batch Scripts (.BAT) used in malicious contexts."
,2026-01-20T20:17:07.779616Z,identity--5df7e8d9-d5c2-392a-f67d-511811817c4a,"A Windows shortcut file is abused to disguise the initial execution of malicious code by appearing as a legitimate PDF document, tricking users into launching the infection chain.",,,tool--33c6ae04-8eb6-9da8-fe1f-d1bb2722e94b,,,,"[{""kill_chain_name"": ""mitre-attack"", ""phase_name"": ""initial-access""}]",,2026-01-20T20:17:07.779616Z,Windows Shortcut (.LNK),,,,,,2.1,,"[""execution"", ""defense-evasion""]",tool,,,"The object contains information about a type of malware tool called Windows Shortcut (.LNK), which is used to disguise the initial execution of malicious code by tricking users into launching an infection chain. The tool is designed to appear as a legitimate PDF document, making it difficult for users to distinguish between legitimate and malicious files.

The primary purpose of this tool is to deceive users into executing malicious code, thereby allowing the malware to propagate further. It achieves this through the abuse of Windows shortcut files, which are commonly used to launch applications or open documents.

This tool is classified as a threat actor type not specified in the data provided, but it falls under the category of tools that are used for defense evasion tactics. The execution and defense-evasion capabilities of this tool make it a sophisticated malware vector.

The Windows Shortcut (.LNK) tool has the following characteristics: it uses the ""mitre-attack"" kill chain phase at its initial-access stage, indicating that it is designed to gain unauthorized access into the target system or network.

It belongs to the category of malware types not specified in the data provided. The external references to this tool are not available, and it has undergone no modifications.

This tool uses the ""execution"" and ""defense-evasion"" capabilities to carry out its malicious activities. It is a prime example of how malware tools can be used to deceive users and launch complex attacks on unsuspecting systems or networks."
,2026-01-20T20:17:07.779666Z,identity--5df7e8d9-d5c2-392a-f67d-511811817c4a,"GitHub is abused as a trusted cloud platform to host and deliver the second-stage payload, allowing attackers to blend malicious traffic with legitimate web activity and evade detection.",,,tool--bf215181-b514-0522-137b-3d4f6b73544a,,,,"[{""kill_chain_name"": ""mitre-attack"", ""phase_name"": ""resource-development""}]",,2026-01-20T20:17:07.779666Z,GitHub,,,,,,2.1,,"[""resource-development"", ""command-and-control""]",tool,,,"The object contains information about a tool called ""GitHub"", which is utilized by attackers to host and deliver the second-stage payload of malicious payloads. This allows attackers to blend their malicious traffic with legitimate web activity, thereby evading detection.

The primary motivation behind using GitHub as an abused cloud platform appears to be related to resource development for malicious purposes, specifically within the context of the MITRE Attack framework's ""Resource Development"" phase. 

The tool is categorized under ""command-and-control"" operations and is characterized by its ability to support resource development in conjunction with command-and-control functionalities.

In terms of threat actors, little information is available about the specific types targeted by this particular tool, as its sophistication level has not been documented or identified within this provided data.

Additionally, there are no known indicators or patterns associated with this tool, and it does not fall under any recognized family category."
,2026-01-20T20:17:07.779713Z,identity--5df7e8d9-d5c2-392a-f67d-511811817c4a,"The .NET WebClient class is used within PowerShell to programmatically download the malicious payload from GitHub, leveraging legitimate HTTP client functionality for covert delivery.",,,tool--3d97aa65-cd9a-2fa0-700a-db3758f358be,,,,"[{""kill_chain_name"": ""mitre-attack"", ""phase_name"": ""command-and-control""}]",,2026-01-20T20:17:07.779713Z,WebClient (System.Net.WebClient),,,,,,2.1,,"[""command-and-control"", ""network-capture""]",tool,,,"The object contains information about a .NET WebClient tool used for malicious purposes. The description provided explains how this tool is utilized within PowerShell to covertly download malware from GitHub, utilizing legitimate HTTP client functionality.

The purpose of the tool is not specified in terms of its primary motivation or sophistication level, indicating that it may be used for various malicious activities depending on the context in which it is employed. The tool types associated with this object are ""command-and-control"" and ""network-capture"", suggesting that it can facilitate communication between a client and server as well as capture network traffic.

It appears that the .NET WebClient class does not inherently possess any malicious functionality, but rather, it is being repurposed for covert delivery of malware. The presence of legitimate HTTP client functionality within this tool allows it to blend in with normal web browsing activities, making it harder to detect its true purpose.

Overall, the object provides insight into a specific piece of malware or a malicious tool that leverages legitimate .NET functionality to achieve its goals, highlighting the importance of monitoring and analyzing network traffic as well as PowerShell activity."
